Tabla M,nombre_dividido,standard_company_name,Estado
2k,['2k'],2K Games,Correcto
2k,['2k'],2K Games,Correcto
2k games,"['2k', 'games']",2K Games,Correcto
2k madrid,"['2k', 'madrid']",2K Games,Correcto
abai,['abai'],Abai Business Solutions,Correcto
abai business solutions,"['abai', 'business', 'solutions']",Abai Business Solutions,Correcto
abb,['abb'],ABB Group,Correcto
abb schweiz ag,"['abb', 'schweiz', 'ag']",ABB Group,Correcto
abbott,['abbott'],Abbott Laboratories,Correcto
abbott laboratories,"['abbott', 'laboratories']",Abbott Laboratories,Correcto
accenture,['accenture'],Accenture,Correcto
accenture españa,"['accenture', 'españa']",Accenture,Correcto
acciona,['acciona'],Acciona,Correcto
acciona,['acciona'],Acciona,Correcto
acciona energía,"['acciona', 'energía']",Acciona,Correcto
accude,['accude'],Accude TI,Correcto
accude ti,"['accude', 'ti']",Accude TI,Correcto
accuro technology,"['accuro', 'technology']",Accuro Technology,Correcto
accuro technology s.l,"['accuro', 'technology', 's.l']",Accuro Technology,Correcto
acertto talent linkers,"['acertto', 'talent', 'linkers']",Acertto Talent Linkers,Correcto
acertto talent linkers sa,"['acertto', 'talent', 'linkers', 'sa']",Acertto Talent Linkers,Correcto
acertto talent linkers | local & global recruiment | headhunters,"['acertto', 'talent', 'linkers', '|', 'local', '&', 'global', 'recruiment', '|', 'headhunters']",Acertto Talent Linkers,Correcto
acrelec,['acrelec'],Acrelec,Correcto
acrelec,['acrelec'],Acrelec,Correcto
acs informaticos,"['acs', 'informaticos']",ACS Informáticos,Correcto
acs informaticos,"['acs', 'informaticos']",ACS Informáticos,Correcto
acs informaticos,"['acs', 'informaticos']",ACS Informáticos,Correcto
addyou,['addyou'],AddYou,Correcto
addyou,['addyou'],AddYou,Correcto
adecco,['adecco'],Adecco,Correcto
adecco,['adecco'],Adecco,Correcto
adecco outsourcing,"['adecco', 'outsourcing']",Adecco,Correcto
adecco outsourcing,"['adecco', 'outsourcing']",Adecco,Correcto
adecco staffing,"['adecco', 'staffing']",Adecco,Correcto
aderen,['aderen'],Aderen Consulting,Correcto
aderen,['aderen'],Aderen Consulting,Correcto
advanced radar technologies,"['advanced', 'radar', 'technologies']",Advanced Radar Technologies,Correcto
advanced technological knowledge s.a. (atk),"['advanced', 'technological', 'knowledge', 's.a.', '(atk)']",ATK Soluciones,Correcto
aegon,['aegon'],Aegon Seguros,Correcto
aegon seguros,"['aegon', 'seguros']",Aegon Seguros,Correcto
agap2,['agap2'],agap2,Correcto
agap2,['agap2'],agap2,Correcto
agap2 españa,"['agap2', 'españa']",agap2,Correcto
agencia de marketing digital,"['agencia', 'de', 'marketing', 'digital']",Agencia,Correcto
agencia de publicidad y comunicación corporativa,"['agencia', 'de', 'publicidad', 'y', 'comunicación', 'corporativa']",Agencia,Correcto
agencia de viajes online,"['agencia', 'de', 'viajes', 'online']",Agencia,Correcto
agencia enbloque,"['agencia', 'enbloque']",Agencia EnBloque,Correcto
agencia kactus,"['agencia', 'kactus']",Agencia Kactus,Correcto
agencia neoattack sl,"['agencia', 'neoattack', 'sl']",Agencia NeoAttack,Correcto
agencia notarial de certificación,"['agencia', 'notarial', 'de', 'certificación']",ANCERT Notariado,Correcto
agencia polivalente,"['agencia', 'polivalente']",Agencia,Correcto
agh iberica soluciones consulting sl.,"['agh', 'iberica', 'soluciones', 'consulting', 'sl.']",AGH Ibérica Soluciones Consulting,Correcto
agh ibérica,"['agh', 'ibérica']",AGH Ibérica Soluciones Consulting,Correcto
agile content,"['agile', 'content']",Agile Content,Correcto
agile get together,"['agile', 'get', 'together']",Agile Content,Correcto
ahorramas,['ahorramas'],Ahorramas ,Correcto
ahorramas s.a,"['ahorramas', 's.a']",Ahorramas ,Correcto
airbus,['airbus'],Airbus,Correcto
airbus france,"['airbus', 'france']",Airbus,Correcto
airtificial a&d engineering,"['airtificial', 'a&d', 'engineering']",Airtificial Group,Correcto
airtificial aerospace & defense,"['airtificial', 'aerospace', '&', 'defense']",Airtificial Group,Correcto
airtificial intelligent robots,"['airtificial', 'intelligent', 'robots']",Airtificial Group,Correcto
akka,['akka'],Akka Technologies,Correcto
akka technologies,"['akka', 'technologies']",Akka Technologies,Correcto
akka technologies,"['akka', 'technologies']",Akka Technologies,Correcto
akkodis,['akkodis'],Akkodis,Correcto
akkodis,['akkodis'],Akkodis,Correcto
akuaro,['akuaro'],Akuaro,Correcto
akuaro work slu,"['akuaro', 'work', 'slu']",Akuaro,Correcto
alcorce telecomunicaciones,"['alcorce', 'telecomunicaciones']",Alcorce Telecomunicaciones,Correcto
alcorce telecomunicaciones s.l.,"['alcorce', 'telecomunicaciones', 's.l.']",Alcorce Telecomunicaciones,Correcto
alicunde,['alicunde'],Alicunde,Correcto
alicunde systems s.l.,"['alicunde', 'systems', 's.l.']",Alicunde,Correcto
alight,['alight'],Alight Solutions,Correcto
alight solutions,"['alight', 'solutions']",Alight Solutions,Correcto
allianz,['allianz'],Allianz,Correcto
allianz technology,"['allianz', 'technology']",Allianz,Correcto
almato ag,"['almato', 'ag']",Almato,Correcto
almato iberia,"['almato', 'iberia']",Almato,Correcto
almato iberia slu,"['almato', 'iberia', 'slu']",Almato,Correcto
alovia,['alovia'],Alovia,Correcto
"alovia consulting, s.l","['alovia', 'consulting,', 's.l']",Alovia,Correcto
altair,['altair'],Altair Engineering,Correcto
altair engineering,"['altair', 'engineering']",Altair Engineering,Correcto
alten,['alten'],Alten,Correcto
alten delivery centre spain,"['alten', 'delivery', 'centre', 'spain']",Alten,Correcto
alten españa,"['alten', 'españa']",Alten,Correcto
alten ingeniería,"['alten', 'ingeniería']",Alten,Correcto
alten spain,"['alten', 'spain']",Alten,Correcto
alten spain,"['alten', 'spain']",Alten,Correcto
alten spain,"['alten', 'spain']",Alten,Correcto
alter solutions españa,"['alter', 'solutions', 'españa']",Alter Solutions Group,Correcto
alter solutions france,"['alter', 'solutions', 'france']",Alter Solutions Group,Correcto
altia,['altia'],Altia,Correcto
altia,['altia'],Altia,Correcto
"alvea soluciones tecnologicas, s.l.","['alvea', 'soluciones', 'tecnologicas,', 's.l.']",Alvea Soluciones Tecnológicas,Correcto
alvea soluciones tecnológicas,"['alvea', 'soluciones', 'tecnológicas']",Alvea Soluciones Tecnológicas,Correcto
amazon,['amazon'],Amazon,Correcto
"amazon spain services, s.l.u.","['amazon', 'spain', 'services,', 's.l.u.']",Amazon,Correcto
amazon web services (aws),"['amazon', 'web', 'services', '(aws)']",Amazon,Correcto
amc networks,"['amc', 'networks']",AMC Networks,Correcto
amc networks international southern europe,"['amc', 'networks', 'international', 'southern', 'europe']",AMC Networks,Correcto
amp consultores,"['amp', 'consultores']",AMP Consultores,Correcto
amp software,"['amp', 'software']",AMP Consultores,Correcto
ams solutions,"['ams', 'solutions']",AMS Solutions,Correcto
ams solutions,"['ams', 'solutions']",AMS Solutions,Correcto
"apd - algoritmos, procesos y diseños s.a","['apd', '-', 'algoritmos,', 'procesos', 'y', 'diseños', 's.a']",APD,Correcto
apd s.a.,"['apd', 's.a.']",APD,Correcto
apex group,"['apex', 'group']",Apex Group,Correcto
apex group ltd,"['apex', 'group', 'ltd']",Apex Group,Correcto
apple,['apple'],Apple,Correcto
apple inc.,"['apple', 'inc.']",Apple,Correcto
applus+,['applus+'],Applus+,Correcto
applus+ bkw,"['applus+', 'bkw']",Applus+,Correcto
applus+ idiada,"['applus+', 'idiada']",Applus+,Correcto
aratech,['aratech'],Aratech Lifestyle Technology,Correcto
aratech,['aratech'],Aratech Lifestyle Technology,Correcto
aratech lifestyle technology,"['aratech', 'lifestyle', 'technology']",Aratech Lifestyle Technology,Correcto
aratech lifestyle technology,"['aratech', 'lifestyle', 'technology']",Aratech Lifestyle Technology,Correcto
arelance,['arelance'],Arelance,Correcto
arelance,['arelance'],Arelance,Correcto
arelance,['arelance'],Arelance,Correcto
arimany selecció de talent,"['arimany', 'selecció', 'de', 'talent']",Arimany Selecció de Talent,Correcto
"arimany selecció talent, s.l.","['arimany', 'selecció', 'talent,', 's.l.']",Arimany Selecció de Talent,Correcto
ascensium consultores,"['ascensium', 'consultores']",Ascensium Consultores,Correcto
ascensium consultores,"['ascensium', 'consultores']",Ascensium Consultores,Correcto
asociación autismo sevilla,"['asociación', 'autismo', 'sevilla']",Autismo Sevilla,Correcto
asociación marroquí para la integración de los inmigrantes,"['asociación', 'marroquí', 'para', 'la', 'integración', 'de', 'los', 'inmigrantes']",Asociación Marroquí,Correcto
asociación murciana de esclerosis múltiple (amdem),"['asociación', 'murciana', 'de', 'esclerosis', 'múltiple', '(amdem)']",AMDEM,Correcto
asseco group,"['asseco', 'group']",Asseco Group,Correcto
asseco south eastern europe,"['asseco', 'south', 'eastern', 'europe']",Asseco Group,Correcto
aszendit,['aszendit'],AszendIt Tech,Correcto
aszendit tech,"['aszendit', 'tech']",AszendIt Tech,Correcto
atlantis technology,"['atlantis', 'technology']",Atlantis Technology,Correcto
"atlantis tecnología y sistemas, s.l.u","['atlantis', 'tecnología', 'y', 'sistemas,', 's.l.u']",Atlantis Technology,Correcto
atlas cloud s.l.,"['atlas', 'cloud', 's.l.']",Atlas Cloud,Correcto
atlas robots,"['atlas', 'robots']",Atlas Robots,Correcto
aubay,['aubay'],Aubay,Correcto
aubay spain,"['aubay', 'spain']",Aubay,Correcto
auren,['auren'],Auren International,Correcto
auren digital,"['auren', 'digital']",Auren International,Correcto
auren personas,"['auren', 'personas']",Auren International,Correcto
avanade,['avanade'],Avanade,Correcto
avanade inc.,"['avanade', 'inc.']",Avanade,Correcto
avanade spain,"['avanade', 'spain']",Avanade,Correcto
avansel selección,"['avansel', 'selección']",Avansel Selección,Correcto
avansel selección,"['avansel', 'selección']",Avansel Selección,Correcto
aviva,['aviva'],Aviva Publicidad,Correcto
aviva publicidad,"['aviva', 'publicidad']",Aviva Publicidad,Correcto
avnet,['avnet'],Avnet,Correcto
avnet spain,"['avnet', 'spain']",Avnet,Correcto
avvale,['avvale'],Avvale,Correcto
avvale españa,"['avvale', 'españa']",Avvale,Correcto
axxis systems,"['axxis', 'systems']",Axxis Systems,Correcto
"axxis systems europe, s.l.","['axxis', 'systems', 'europe,', 's.l.']",Axxis Systems,Correcto
axxon,['axxon'],Axxon,Correcto
"axxon selecting ett, s.l.","['axxon', 'selecting', 'ett,', 's.l.']",Axxon,Correcto
azertium it,"['azertium', 'it']",Azertium IT,Correcto
azertium it global services sl,"['azertium', 'it', 'global', 'services', 'sl']",Azertium IT,Correcto
babel,['babel'],Grupo BABEL,Correcto
babel profiles,"['babel', 'profiles']",Grupo BABEL,Correcto
bairesdev,['bairesdev'],BairesDev,Correcto
bairesdev,['bairesdev'],BairesDev,Correcto
bairesdev llc,"['bairesdev', 'llc']",BairesDev,Correcto
"banco bilbao vizcaya argentaria, s.a.","['banco', 'bilbao', 'vizcaya', 'argentaria,', 's.a.']",BBVA,Correcto
banco sabadell,"['banco', 'sabadell']",Banco Sabadell,Correcto
banco sabadell,"['banco', 'sabadell']",Banco Sabadell,Correcto
banco santander,"['banco', 'santander']",Banco Santander,Correcto
banco santander s. a.,"['banco', 'santander', 's.', 'a.']",Banco Santander,Correcto
banco santander s.a.,"['banco', 'santander', 's.a.']",Banco Santander,Correcto
banco santander sa,"['banco', 'santander', 'sa']",Banco Santander,Correcto
banco santander sa,"['banco', 'santander', 'sa']",Banco Santander,Correcto
bbva information technology españa sl.,"['bbva', 'information', 'technology', 'españa', 'sl.']",BBVA,Correcto
bbva it españa,"['bbva', 'it', 'españa']",BBVA,Correcto
bbva next technologies,"['bbva', 'next', 'technologies']",BBVA,Correcto
bd,['bd'],BD Serveis,Correcto
bd serveis - instal·lacions i seguretat,"['bd', 'serveis', '-', 'instal·lacions', 'i', 'seguretat']",BD Serveis,Correcto
bdo international,"['bdo', 'international']",BDO,Correcto
bdo spain,"['bdo', 'spain']",BDO,Correcto
be beyond,"['be', 'beyond']",Be Beyond,Correcto
be beyond®,"['be', 'beyond®']",Be Beyond,Correcto
be genius,"['be', 'genius']",BeGenius,Correcto
beam suntory,"['beam', 'suntory']",Beam Inc.,Correcto
beam suntory inc,"['beam', 'suntory', 'inc']",Beam Inc.,Correcto
bebee,['bebee'],BeBee,Correcto
bebee professionals,"['bebee', 'professionals']",BeBee,Correcto
beclever,['beclever'],BeClever Solutions,Correcto
beclever part of devoteam,"['beclever', 'part', 'of', 'devoteam']",BeClever Solutions,Correcto
befree,['befree'],Befree Tech,Correcto
befree,['befree'],Befree Tech,Correcto
beluck,['beluck'],BeLuck,Correcto
beluck,['beluck'],BeLuck,Correcto
beluck,['beluck'],BeLuck,Correcto
beonit,['beonit'],beonit,Correcto
beonit,['beonit'],beonit,Correcto
berkeley square,"['berkeley', 'square']",Berkeley Square IT Recruitment,Correcto
berkeley square it,"['berkeley', 'square', 'it']",Berkeley Square IT Recruitment,Correcto
beside,['beside'],Beside Talent,Correcto
beside talent,"['beside', 'talent']",Beside Talent,Correcto
between,['between'],Between Technology,Correcto
between,['between'],Between Technology,Correcto
between technology,"['between', 'technology']",Between Technology,Correcto
between technology,"['between', 'technology']",Between Technology,Correcto
between technology,"['between', 'technology']",Between Technology,Correcto
"between technology, s.l.","['between', 'technology,', 's.l.']",Between Technology,Correcto
big fish - personas & talento,"['big', 'fish', '-', 'personas', '&', 'talento']",Big Fish Recruitment,Correcto
big fish hr,"['big', 'fish', 'hr']",Big Fish Recruitment,Correcto
big mouse,"['big', 'mouse']",Big Mouse,Correcto
bip - business integration partners,"['bip', '-', 'business', 'integration', 'partners']",Bip Consulting,Correcto
bip spain,"['bip', 'spain']",Bip Consulting,Correcto
bnp paribas corporate & institutional banking,"['bnp', 'paribas', 'corporate', '&', 'institutional', 'banking']",BNP Paribas,Correcto
bnp paribas leasing solutions,"['bnp', 'paribas', 'leasing', 'solutions']",BNP Paribas,Correcto
bnp paribas real estate,"['bnp', 'paribas', 'real', 'estate']",BNP Paribas,Correcto
boycor,['boycor'],Boycor,Correcto
boycor,['boycor'],Boycor,Correcto
brandty,['brandty'],Brandty,Correcto
"brandty (selección de personal, headhunting, consultoría rrhh).","['brandty', '(selección', 'de', 'personal,', 'headhunting,', 'consultoría', 'rrhh).']",Brandty,Correcto
btd,['btd'],BTD Grupo,Correcto
btd grupo,"['btd', 'grupo']",BTD Grupo,Correcto
business consulting school of management,"['business', 'consulting', 'school', 'of', 'management']",BCSM,Correcto
business go,"['business', 'go']",Business Go,Correcto
business insights,"['business', 'insights']",Business Insights,Correcto
business insights spain,"['business', 'insights', 'spain']",Business Insights,Correcto
caf,['caf'],CAF,Correcto
caf (construcciones y auxiliar de ferrocarriles),"['caf', '(construcciones', 'y', 'auxiliar', 'de', 'ferrocarriles)']",CAF,Correcto
caf group,"['caf', 'group']",CAF,Correcto
caf signalling,"['caf', 'signalling']",CAF,Correcto
caixabank,['caixabank'],CaixaBank,Correcto
caixabank s.a.,"['caixabank', 's.a.']",CaixaBank,Correcto
caixabank tech,"['caixabank', 'tech']",CaixaBank,Correcto
came parkare,"['came', 'parkare']",CAME Parkare,Correcto
came parkare,"['came', 'parkare']",CAME Parkare,Correcto
campus san rafael,"['campus', 'san', 'rafael']",Campus,Correcto
campus training,"['campus', 'training']",Campus,Correcto
canarias,['canarias'],CANARIAS TELECOM,Correcto
canarias telecom,"['canarias', 'telecom']",CANARIAS TELECOM,Correcto
canonical,['canonical'],Canonical,Correcto
canonical - jobs,"['canonical', '-', 'jobs']",Canonical,Correcto
capgemini,['capgemini'],Capgemini,Correcto
capgemini engineering,"['capgemini', 'engineering']",Capgemini,Correcto
capitole consulting,"['capitole', 'consulting']",Capitole Consulting,Correcto
capitole consulting,"['capitole', 'consulting']",Capitole Consulting,Correcto
capitole consulting,"['capitole', 'consulting']",Capitole Consulting,Correcto
cas training,"['cas', 'training']",CAS Training,Correcto
cas training,"['cas', 'training']",CAS Training,Correcto
cas training,"['cas', 'training']",CAS Training,Correcto
casa,['casa'],Casa,Correcto
"casa systems, inc.","['casa', 'systems,', 'inc.']",Casa Systems,Correcto
casa tarradellas,"['casa', 'tarradellas']",Casa Tarradellas,Correcto
castellana selección,"['castellana', 'selección']",Castellana Selección,Correcto
castellana selección personal,"['castellana', 'selección', 'personal']",Castellana Selección,Correcto
catenon,['catenon'],Catenon Worldwide Executive Search,Correcto
catenon india,"['catenon', 'india']",Catenon Worldwide Executive Search,Correcto
"cds, a hewlett packard enterprise company","['cds,', 'a', 'hewlett', 'packard', 'enterprise', 'company']",CDS,Correcto
"cds, a hewlett packard enterprise company.","['cds,', 'a', 'hewlett', 'packard', 'enterprise', 'company.']",CDS,Correcto
ce consulting,"['ce', 'consulting']",CE Consulting,Correcto
ce consulting norte,"['ce', 'consulting', 'norte']",CE Consulting,Correcto
ce consulting norte,"['ce', 'consulting', 'norte']",CE Consulting,Correcto
cef,['cef'],Centro de Estudios Financieros,Correcto
cef centro de estudios financieros,"['cef', 'centro', 'de', 'estudios', 'financieros']",Centro de Estudios Financieros,Correcto
cei: escuela de diseño y marketing,"['cei:', 'escuela', 'de', 'diseño', 'y', 'marketing']",CEI: Escuela de Diseño y Marketing,Correcto
cei: escuela de diseño y marketing,"['cei:', 'escuela', 'de', 'diseño', 'y', 'marketing']",CEI: Escuela de Diseño y Marketing,Correcto
ceit,['ceit'],Centro Tecnológico CEIT,Correcto
ceit centro tecnológico,"['ceit', 'centro', 'tecnológico']",Centro Tecnológico CEIT,Correcto
ceit research center,"['ceit', 'research', 'center']",Centro Tecnológico CEIT,Correcto
celestica,['celestica'],Celestica,Correcto
celestica international inc.,"['celestica', 'international', 'inc.']",Celestica,Correcto
celonis,['celonis'],Celonis,Correcto
celonis se,"['celonis', 'se']",Celonis,Correcto
centro de promoción de empleo y prácticas,"['centro', 'de', 'promoción', 'de', 'empleo', 'y', 'prácticas']",Empleo UGR,Correcto
centro nacional de energías renovables (cener),"['centro', 'nacional', 'de', 'energías', 'renovables', '(cener)']",CENER,Correcto
centro tecnológico de calzado de la rioja,"['centro', 'tecnológico', 'de', 'calzado', 'de', 'la', 'rioja']",CTCR,Correcto
centum,['centum'],CENTUM Digital,Correcto
centum digital,"['centum', 'digital']",CENTUM Digital,Correcto
centum digital,"['centum', 'digital']",CENTUM Digital,Correcto
centum research & technology,"['centum', 'research', '&', 'technology']",CENTUM Digital,Correcto
changetheblock,['changetheblock'],Change the Block,Correcto
changetheblock,['changetheblock'],Change the Block,Correcto
check24,['check24'],CHECK24,Correcto
check24 españa,"['check24', 'españa']",CHECK24,Correcto
chep,['chep'],CHEP,Correcto
chep,['chep'],CHEP,Correcto
cib group españa,"['cib', 'group', 'españa']",CIB Group,Correcto
cib labs,"['cib', 'labs']",CIB Group,Correcto
cib software gmbh,"['cib', 'software', 'gmbh']",CIB Group,Correcto
circet,['circet'],Circet,Correcto
circet cableven,"['circet', 'cableven']",Circet,Correcto
"circet infraestructuras de telecomunicaciones,sa","['circet', 'infraestructuras', 'de', 'telecomunicaciones,sa']",Circet,Correcto
circontrol,['circontrol'],circontrol,Correcto
circontrol,['circontrol'],circontrol,Correcto
cisco,['cisco'],Cisco,Correcto
cisco meraki,"['cisco', 'meraki']",Cisco,Correcto
civir,['civir'],Civir IT,Correcto
civir,['civir'],Civir IT,Correcto
cloud fibra,"['cloud', 'fibra']",Cloud Fibre,Correcto
cloud marketing  work,"['cloud', 'marketing', '', 'work']",Cloud,Correcto
cloudappi,['cloudappi'],CloudAPPi,Correcto
cloudappi s.l,"['cloudappi', 's.l']",CloudAPPi,Correcto
clpu. centro de láseres pulsados,"['clpu.', 'centro', 'de', 'láseres', 'pulsados']",Centro de Láseres Pulsados,Correcto
clpu. centro de láseres pulsados,"['clpu.', 'centro', 'de', 'láseres', 'pulsados']",Centro de Láseres Pulsados,Correcto
cmv consultores,"['cmv', 'consultores']",CMV Consultores,Correcto
cmv consultores,"['cmv', 'consultores']",CMV Consultores,Correcto
cobser consulting,"['cobser', 'consulting']",COBSER Consulting,Correcto
cobser consulting,"['cobser', 'consulting']",COBSER Consulting,Correcto
cognizant,['cognizant'],Cognizant,Correcto
cognizant netcentric,"['cognizant', 'netcentric']",Cognizant,Correcto
"cognizant spain, cognizant technology solutions","['cognizant', 'spain,', 'cognizant', 'technology', 'solutions']",Cognizant,Correcto
colaborum,['colaborum'],Colaborum,Correcto
colaborum sl,"['colaborum', 'sl']",Colaborum,Correcto
colavoro,['colavoro'],Colavoro,Correcto
comunitelia comunicaciones s.l.,"['comunitelia', 'comunicaciones', 's.l.']",Comunitelia,Correcto
comunitelia comunicaciones sl.,"['comunitelia', 'comunicaciones', 'sl.']",Comunitelia,Correcto
con&sel15,['con&sel15'],CON&SEL15,Correcto
con&sel15,['con&sel15'],CON&SEL15,Correcto
consulsap,['consulsap'],ConsulSAP,Correcto
consulsap,['consulsap'],ConsulSAP,Correcto
consultia it,"['consultia', 'it']",ConsultiaIT,Correcto
consultia it sl,"['consultia', 'it', 'sl']",ConsultiaIT,Correcto
consulting c3,"['consulting', 'c3']",Consulting C3,Correcto
consulting esoluzion,"['consulting', 'esoluzion']",Consulting eSoluzion,Correcto
consulting solutions,"['consulting', 'solutions']",Consulting Solutions,Correcto
consultora gestal,"['consultora', 'gestal']",Consultora Gestal,Correcto
consultora informática,"['consultora', 'informática']",consultora,Correcto
consultora tecnológica,"['consultora', 'tecnológica']",consultora,Correcto
consultora tecnológica internacional,"['consultora', 'tecnológica', 'internacional']",consultora,Correcto
consultora tecnológica internacional,"['consultora', 'tecnológica', 'internacional']",consultora,Correcto
consultoria tecnológica,"['consultoria', 'tecnológica']",consultora,Correcto
consultoria y servicios tecnologicos innoqa sl,"['consultoria', 'y', 'servicios', 'tecnologicos', 'innoqa', 'sl']",innoQA,Correcto
consultoría / integración,"['consultoría', '/', 'integración']",consultora,Correcto
consultoría tecnológica,"['consultoría', 'tecnológica']",consultora,Correcto
contentsquare,['contentsquare'],Contentsquare,Correcto
contentsquare,['contentsquare'],Contentsquare,Correcto
conurma ingenieros consultores,"['conurma', 'ingenieros', 'consultores']",Conurma Ingenieros Consultores,Correcto
conurma ingenieros consultores,"['conurma', 'ingenieros', 'consultores']",Conurma Ingenieros Consultores,Correcto
core networks sl,"['core', 'networks', 'sl']",Core Networks,Correcto
core tech recruitment,"['core', 'tech', 'recruitment']",Core Networks,Correcto
coremain,['coremain'],Coremain,Correcto
coremain,['coremain'],Coremain,Correcto
crealogix,['crealogix'],Crealogix,Correcto
crealogix,['crealogix'],Crealogix,Correcto
criteria,['criteria'],Criteria,Correcto
criteria recursos humanos,"['criteria', 'recursos', 'humanos']",Criteria,Correcto
cronoshare.com,['cronoshare.com'],Cronoshare,Correcto
cronoshare.com,['cronoshare.com'],Cronoshare,Correcto
ct ingenieros,"['ct', 'ingenieros']",CT Ingenieros,Correcto
ct solutions group,"['ct', 'solutions', 'group']",CT Solutions,Correcto
ctrl360,['ctrl360'],CTRL360,Correcto
ctrl360,['ctrl360'],CTRL360,Correcto
cyc,['cyc'],Crédito y Caución,Correcto
cyc,['cyc'],Crédito y Caución,Correcto
data adviser,"['data', 'adviser']",Data Adviser,Correcto
data world consulting ag,"['data', 'world', 'consulting', 'ag']",Data World Consulting AG,Correcto
dedalus,['dedalus'],Dedalus Global,Correcto
dedalus sa,"['dedalus', 'sa']",Dedalus Global,Correcto
deimos engineering and systems,"['deimos', 'engineering', 'and', 'systems']",Elecnor,Correcto
deimos space,"['deimos', 'space']",Elecnor,Correcto
deloitte,['deloitte'],Deloitte,Correcto
deloitte consulting slu,"['deloitte', 'consulting', 'slu']",Deloitte,Correcto
deloitte digital,"['deloitte', 'digital']",Deloitte,Correcto
deloitte empleo,"['deloitte', 'empleo']",Deloitte,Correcto
dentsu,['dentsu'],Dentsu,Correcto
dentsu creative spain,"['dentsu', 'creative', 'spain']",Dentsu,Correcto
desigual,['desigual'],Desigual,Correcto
desigual,['desigual'],Desigual,Correcto
devoteam,['devoteam'],Devoteam,Correcto
devoteam data driven denmark,"['devoteam', 'data', 'driven', 'denmark']",Devoteam,Correcto
devoteam m cloud,"['devoteam', 'm', 'cloud']",Devoteam,Correcto
devoteam spain,"['devoteam', 'spain']",Devoteam,Correcto
digi,['digi'],DigiMobil,Correcto
digi mobil,"['digi', 'mobil']",DigiMobil,Correcto
digi spain telecom,"['digi', 'spain', 'telecom']",DigiMobil,Correcto
digi spain telecom,"['digi', 'spain', 'telecom']",DigiMobil,Correcto
digihunting,['digihunting'],DigiHunting,Correcto
digihunting,['digihunting'],DigiHunting,Correcto
digital cubik - diseño web y marketing digital,"['digital', 'cubik', '-', 'diseño', 'web', 'y', 'marketing', 'digital']",Digital Cubik,Correcto
digital gold sl,"['digital', 'gold', 'sl']",Digital Gold,Correcto
digital group,"['digital', 'group']",Digital Group,Correcto
digital preventor,"['digital', 'preventor']",Digital Preventor,Correcto
digital silk - growing brands online,"['digital', 'silk', '-', 'growing', 'brands', 'online']",Digital Silk,Correcto
digital solutions 324 sl,"['digital', 'solutions', '324', 'sl']",Digital solutions 324,Correcto
digital sur sca,"['digital', 'sur', 'sca']",Digital Sur,Correcto
digital talent agency,"['digital', 'talent', 'agency']",Digital Talent Agency,Correcto
digital talent agency zona centro,"['digital', 'talent', 'agency', 'zona', 'centro']",Digital Talent Agency,Correcto
digital talent agency zona este,"['digital', 'talent', 'agency', 'zona', 'este']",Digital Talent Agency,Correcto
digital talent agency zona sur,"['digital', 'talent', 'agency', 'zona', 'sur']",Digital Talent Agency,Correcto
digital technology preventor,"['digital', 'technology', 'preventor']",Digital Preventor,Correcto
"digital technology preventor 2020, s.l.","['digital', 'technology', 'preventor', '2020,', 's.l.']",Digital Preventor,Correcto
digital training,"['digital', 'training']",Digital Group,Correcto
digital trends marketing,"['digital', 'trends', 'marketing']",Digital Trends Marketing,Correcto
docplanner,['docplanner'],Docplanner Group,Correcto
docplanner,['docplanner'],Docplanner Group,Correcto
e-frontiers,['e-frontiers'],e-frontiers,Correcto
e-frontiers,['e-frontiers'],e-frontiers,Correcto
eclipse eventos,"['eclipse', 'eventos']",Eclipse Eventos,Correcto
eclipse eventos sevilla.,"['eclipse', 'eventos', 'sevilla.']",Eclipse Eventos,Correcto
econocom servicios,"['econocom', 'servicios']",Grupo Econocom,Correcto
econocom servicios,"['econocom', 'servicios']",Grupo Econocom,Correcto
edreams,['edreams'],eDreams,Correcto
edreams odigeo,"['edreams', 'odigeo']",eDreams,Correcto
edwards lifesciences (spain),"['edwards', 'lifesciences', '(spain)']",Edwards Lifesciences,Correcto
edwards lifesciences corp,"['edwards', 'lifesciences', 'corp']",Edwards Lifesciences,Correcto
el cactus,"['el', 'cactus']",elCactus,Correcto
el grupo lps,"['el', 'grupo', 'lps']",LPS Grupo,Correcto
el ranchito imagen digital,"['el', 'ranchito', 'imagen', 'digital']",El Ranchito,Correcto
el xuixo de can castelló,"['el', 'xuixo', 'de', 'can', 'castelló']",Xuixo Castelló,Correcto
elecnor,['elecnor'],Elecnor,Correcto
elecnor deimos,"['elecnor', 'deimos']",Elecnor,Correcto
eltec it services,"['eltec', 'it', 'services']",Eltec IT Services,Correcto
eltec it services,"['eltec', 'it', 'services']",Eltec IT Services,Correcto
emais grupo,"['emais', 'grupo']",Emais Grupo,Correcto
"emais servicios integrales, sl","['emais', 'servicios', 'integrales,', 'sl']",Emais Grupo,Correcto
empresa,['empresa'],empresa anónima,Correcto
empresa anonima,"['empresa', 'anonima']",empresa anónima,Correcto
"empresa con presencia internacional que lleva más de 35 años desarrollando proyectos de ingeniería, arquitectura, consultoría estratégica y tecnologías de la información, para el sector de transportes","['empresa', 'con', 'presencia', 'internacional', 'que', 'lleva', 'más', 'de', '35', 'años', 'desarrollando', 'proyectos', 'de', 'ingeniería,', 'arquitectura,', 'consultoría', 'estratégica', 'y', 'tecnologías', 'de', 'la', 'información,', 'para', 'el', 'sector', 'de', 'transportes']",empresa anónima,Correcto
empresa confidencial,"['empresa', 'confidencial']",empresa anónima,Correcto
empresa consolidada en el mercado,"['empresa', 'consolidada', 'en', 'el', 'mercado']",empresa anónima,Correcto
empresa de comunicación,"['empresa', 'de', 'comunicación']",empresa anónima,Correcto
empresa de informática,"['empresa', 'de', 'informática']",empresa anónima,Correcto
empresa de instalacion,"['empresa', 'de', 'instalacion']",empresa anónima,Correcto
empresa de mantenimiento informático,"['empresa', 'de', 'mantenimiento', 'informático']",empresa anónima,Correcto
empresa de productos textiles para el hogar,"['empresa', 'de', 'productos', 'textiles', 'para', 'el', 'hogar']",empresa anónima,Correcto
empresa de programación y desarrollo de paginas web y aplicaciones,"['empresa', 'de', 'programación', 'y', 'desarrollo', 'de', 'paginas', 'web', 'y', 'aplicaciones']",empresa anónima,Correcto
empresa de seguridad y vigilancia,"['empresa', 'de', 'seguridad', 'y', 'vigilancia']",empresa anónima,Correcto
empresa de seleccion de talentos,"['empresa', 'de', 'seleccion', 'de', 'talentos']",empresa anónima,Correcto
empresa de selección,"['empresa', 'de', 'selección']",empresa anónima,Correcto
empresa de servicios informáticos en expansión,"['empresa', 'de', 'servicios', 'informáticos', 'en', 'expansión']",empresa anónima,Correcto
"empresa de servicios y soluciones de formación, consultoría y outsourcing","['empresa', 'de', 'servicios', 'y', 'soluciones', 'de', 'formación,', 'consultoría', 'y', 'outsourcing']",empresa anónima,Correcto
empresa de telecomunicaciones,"['empresa', 'de', 'telecomunicaciones']",empresa anónima,Correcto
empresa dedicada a la importacion de productos dentales,"['empresa', 'dedicada', 'a', 'la', 'importacion', 'de', 'productos', 'dentales']",empresa anónima,Correcto
empresa dedicada al marketing y el diseño,"['empresa', 'dedicada', 'al', 'marketing', 'y', 'el', 'diseño']",empresa anónima,Correcto
empresa del sector de gestión y sistemas de acceso de aparcamientos,"['empresa', 'del', 'sector', 'de', 'gestión', 'y', 'sistemas', 'de', 'acceso', 'de', 'aparcamientos']",empresa anónima,Correcto
"empresa del ámbito de la ingeniería, telecomunicaciones y tecnologías de la información, dedicada a proyectos de soporte tic","['empresa', 'del', 'ámbito', 'de', 'la', 'ingeniería,', 'telecomunicaciones', 'y', 'tecnologías', 'de', 'la', 'información,', 'dedicada', 'a', 'proyectos', 'de', 'soporte', 'tic']",empresa anónima,Correcto
empresa especializada en soluciones software y hardware,"['empresa', 'especializada', 'en', 'soluciones', 'software', 'y', 'hardware']",empresa anónima,Correcto
empresa joven dedicada a dar soporte informatico a la pequeña y mediana empresa,"['empresa', 'joven', 'dedicada', 'a', 'dar', 'soporte', 'informatico', 'a', 'la', 'pequeña', 'y', 'mediana', 'empresa']",empresa anónima,Correcto
empresa líder en ingeniería a nivel europeo,"['empresa', 'líder', 'en', 'ingeniería', 'a', 'nivel', 'europeo']",empresa anónima,Correcto
empresa líder en ingeniería y consultoría de telecomunicaciones,"['empresa', 'líder', 'en', 'ingeniería', 'y', 'consultoría', 'de', 'telecomunicaciones']",empresa anónima,Correcto
empresa multinacional,"['empresa', 'multinacional']",empresa anónima,Correcto
empresa que se dedica a la venta de equipos tecnológicos,"['empresa', 'que', 'se', 'dedica', 'a', 'la', 'venta', 'de', 'equipos', 'tecnológicos']",empresa anónima,Correcto
empresa reconocida,"['empresa', 'reconocida']",empresa anónima,Correcto
empresa reconocida,"['empresa', 'reconocida']",empresa anónima,Correcto
empresa retail,"['empresa', 'retail']",empresa anónima,Correcto
empresa sectorinformatica y telecomunicación,"['empresa', 'sectorinformatica', 'y', 'telecomunicación']",empresa anónima,Correcto
empresa sectorinformatica y telecomunicación,"['empresa', 'sectorinformatica', 'y', 'telecomunicación']",empresa anónima,Correcto
empresa tecnologica,"['empresa', 'tecnologica']",empresa anónima,Correcto
empresa tecnologica,"['empresa', 'tecnologica']",empresa anónima,Correcto
empresa tecnológica,"['empresa', 'tecnológica']",empresa anónima,Correcto
empresa tecnológica de gestión,"['empresa', 'tecnológica', 'de', 'gestión']",empresa anónima,Correcto
"enecworld iberica, sl","['enecworld', 'iberica,', 'sl']",EnecWorld,Correcto
enecworld ibérica,"['enecworld', 'ibérica']",EnecWorld,Correcto
entelgy,['entelgy'],Entelgy,Correcto
entelgy - resto de españa,"['entelgy', '-', 'resto', 'de', 'españa']",Entelgy,Correcto
entelgy ibai,"['entelgy', 'ibai']",Entelgy,Correcto
entelgy innotec security,"['entelgy', 'innotec', 'security']",Entelgy,Correcto
eosol,['eosol'],EOSOL Group,Correcto
eosol group,"['eosol', 'group']",EOSOL Group,Correcto
ernst & young advisory services sdn bhd,"['ernst', '&', 'young', 'advisory', 'services', 'sdn', 'bhd']",EY,Correcto
ernst & young llp,"['ernst', '&', 'young', 'llp']",EY,Correcto
estudio,['estudio'],empresa anónima,Correcto
estudio contable lm&a,"['estudio', 'contable', 'lm&a']",Estudio Contable LM&A,Correcto
estudio matias,"['estudio', 'matias']",Estudio Matías,Correcto
etalentum,['etalentum'],Etalentum,Correcto
etalentum,['etalentum'],Etalentum,Correcto
etalentum,['etalentum'],Etalentum,Correcto
etalentum group,"['etalentum', 'group']",Etalentum,Correcto
etalentum selección,"['etalentum', 'selección']",Etalentum,Correcto
eulen,['eulen'],Grupo Eulen,Correcto
eulen flexiplán,"['eulen', 'flexiplán']",Grupo Eulen,Correcto
eulen flexiplán selección,"['eulen', 'flexiplán', 'selección']",Grupo Eulen,Correcto
eulen limpieza y mantenimiento,"['eulen', 'limpieza', 'y', 'mantenimiento']",Grupo Eulen,Correcto
eulen selección,"['eulen', 'selección']",Grupo Eulen,Correcto
eurecat - centro tecnológico de catalunya,"['eurecat', '-', 'centro', 'tecnológico', 'de', 'catalunya']",Eurecat,Correcto
eurecat - centro tecnológico de cataluña,"['eurecat', '-', 'centro', 'tecnológico', 'de', 'cataluña']",Eurecat,Correcto
eurecat centro tecnológico de catalunya,"['eurecat', 'centro', 'tecnológico', 'de', 'catalunya']",Eurecat,Correcto
eurocontrol,['eurocontrol'],Eurocontrol,Correcto
eurocontrol,['eurocontrol'],Eurocontrol,Correcto
eurocontrol sa,"['eurocontrol', 'sa']",Eurocontrol,Correcto
eurocontrol sa (telecomunicaciones),"['eurocontrol', 'sa', '(telecomunicaciones)']",Eurocontrol,Correcto
eurofins,['eurofins'],Eurofins Megalab,Correcto
eurofins scient.,"['eurofins', 'scient.']",Eurofins Megalab,Correcto
eurofirms,['eurofirms'],Grupo Eurofirms,Correcto
eurofirms foundation | eurofirms group,"['eurofirms', 'foundation', '|', 'eurofirms', 'group']",Grupo Eurofirms,Correcto
eurofirms group | people first,"['eurofirms', 'group', '|', 'people', 'first']",Grupo Eurofirms,Correcto
everis,['everis'],Everis Consultancy Limited,Correcto
everis,['everis'],Everis Consultancy Limited,Correcto
everis spain,"['everis', 'spain']",Everis Consultancy Limited,Correcto
evolutio,['evolutio'],Evolutio Cloud Enabler,Correcto
evolutio empowering the cloud,"['evolutio', 'empowering', 'the', 'cloud']",Evolutio Cloud Enabler,Correcto
excelia,['excelia'],Excelia,Correcto
excelia,['excelia'],Excelia,Correcto
exis-ti,['exis-ti'],Exis TI,Correcto
exis-ti,['exis-ti'],Exis TI,Correcto
experience ai solutions,"['experience', 'ai', 'solutions']",Experience AI Solutions,Correcto
experience ingenieríayservicios,"['experience', 'ingenieríayservicios']",eXperience IT Solutions,Correcto
experience it solutions,"['experience', 'it', 'solutions']",eXperience IT Solutions,Correcto
experience it solutions,"['experience', 'it', 'solutions']",eXperience IT Solutions,Correcto
experis,['experis'],Experis,Correcto
experis españa,"['experis', 'españa']",Experis,Correcto
experis it,"['experis', 'it']",Experis,Correcto
experis manpower group,"['experis', 'manpower', 'group']",Experis,Correcto
experis selección,"['experis', 'selección']",Experis,Correcto
experis spain,"['experis', 'spain']",Experis,Correcto
explanandum,['explanandum'],Explanandum,Correcto
explanandum,['explanandum'],Explanandum,Correcto
expleo,['expleo'],Expleo Group,Correcto
expleo group,"['expleo', 'group']",Expleo Group,Correcto
factech,['factech'],FacTECH Servicios Informáticos,Correcto
factech servicios informáticos,"['factech', 'servicios', 'informáticos']",FacTECH Servicios Informáticos,Correcto
fcc,['fcc'],Grupo FCC,Correcto
fcc industrial,"['fcc', 'industrial']",Grupo FCC,Correcto
fed it,"['fed', 'it']",Fed IT,Correcto
fed it españa,"['fed', 'it', 'españa']",Fed IT,Correcto
ferchau,['ferchau'],Ferchau,Correcto
ferchau,['ferchau'],Ferchau,Correcto
ferchau spain,"['ferchau', 'spain']",Ferchau,Correcto
ferchau spain,"['ferchau', 'spain']",Ferchau,Correcto
fever,['fever'],Fever,Correcto
fever españa,"['fever', 'españa']",Fever,Correcto
fhios smart knowledge,"['fhios', 'smart', 'knowledge']",Fhios Smart Knowledge,Correcto
fhios smart knowledge,"['fhios', 'smart', 'knowledge']",Fhios Smart Knowledge,Correcto
fhios smart knowledge,"['fhios', 'smart', 'knowledge']",Fhios Smart Knowledge,Correcto
flowtec,['flowtec'],Flowtec Group,Correcto
flowtec group,"['flowtec', 'group']",Flowtec Group,Correcto
food experts,"['food', 'experts']",Food Experts,Correcto
food rush delivery-s,"['food', 'rush', 'delivery-s']",Food Rush Delivery,Correcto
formación on,"['formación', 'on']",FormacionON,Correcto
formación para el empleo grupo garcía ibáñez,"['formación', 'para', 'el', 'empleo', 'grupo', 'garcía', 'ibáñez']",Grupo Garcia Ibañez,Correcto
formel d gmbh,"['formel', 'd', 'gmbh']",Formel D,Correcto
formel d group,"['formel', 'd', 'group']",Formel D,Correcto
foundever,['foundever'],Foundever,Correcto
foundever españa,"['foundever', 'españa']",Foundever,Correcto
fujitsu,['fujitsu'],Fujitsu,Correcto
fujitsu limited,"['fujitsu', 'limited']",Fujitsu,Correcto
fundacion adecco,"['fundacion', 'adecco']",Adecco,Correcto
fundacion id software libre,"['fundacion', 'id', 'software', 'libre']",fundacion id software libre,Correcto
fundació per a la recerca sant joan de déu,"['fundació', 'per', 'a', 'la', 'recerca', 'sant', 'joan', 'de', 'déu']",Fundació Sant Joan de Déu,Correcto
fundació pere tarrés,"['fundació', 'pere', 'tarrés']",Fundació Pere Tarrés,Correcto
fundación cetim,"['fundación', 'cetim']",CETIM,Correcto
fundación dfa,"['fundación', 'dfa']",Fundación Dfa,Correcto
fundación diagrama,"['fundación', 'diagrama']",Fundación Diagrama,Correcto
fundación goodjob,"['fundación', 'goodjob']",Fundación GoodJob,Correcto
fundación randstad,"['fundación', 'randstad']",Randstad,Correcto
fundación social innolabs,"['fundación', 'social', 'innolabs']",Innolabs,Correcto
fundación socialinnolabs,"['fundación', 'socialinnolabs']",Innolabs,Correcto
fundación socialinnolabs,"['fundación', 'socialinnolabs']",Innolabs,Correcto
fundación universia,"['fundación', 'universia']",Universia,Correcto
fundación valenciaport,"['fundación', 'valenciaport']",Fundación Valenciaport,Correcto
future space s.a.,"['future', 'space', 's.a.']",Future Space,Correcto
future track,"['future', 'track']",Future Space,Correcto
garaje de ideas,"['garaje', 'de', 'ideas']",Garaje de Ideas,Correcto
garaje de ideas,"['garaje', 'de', 'ideas']",Garaje de Ideas,Correcto
gartner,['gartner'],Gartner,Correcto
gartner careers,"['gartner', 'careers']",Gartner,Correcto
gctplus ett,"['gctplus', 'ett']",GCTplus,Correcto
"gctplus ett, s.l.","['gctplus', 'ett,', 's.l.']",GCTplus,Correcto
geekfox,['geekfox'],GeekFox,Correcto
geekfox,['geekfox'],GeekFox,Correcto
geekshubs,['geekshubs'],GeeksHubs Academy,Correcto
geekshubs 🚀 𝗜𝗺𝗽𝘂𝗹𝘀𝗮𝗺𝗼𝘀 { 𝘁𝗮𝗹𝗲𝗻𝘁𝗼 𝘁𝗲𝗰𝗵 },"['geekshubs', '🚀', '𝗜𝗺𝗽𝘂𝗹𝘀𝗮𝗺𝗼𝘀', '{', '𝘁𝗮𝗹𝗲𝗻𝘁𝗼', '𝘁𝗲𝗰𝗵', '}']",GeeksHubs Academy,Correcto
gestelcom servicios,"['gestelcom', 'servicios']",Gestelcom Servicios,Correcto
gestelcom servicios,"['gestelcom', 'servicios']",Gestelcom Servicios,Correcto
gft technologies,"['gft', 'technologies']",GFT Technologies,Correcto
gft technologies se,"['gft', 'technologies', 'se']",GFT Technologies,Correcto
gi group,"['gi', 'group']",Gi Group ETT,Correcto
gi group,"['gi', 'group']",Gi Group ETT,Correcto
gi group spa,"['gi', 'group', 'spa']",Gi Group ETT,Correcto
global human capital group,"['global', 'human', 'capital', 'group']",Global Human Capital Group,Correcto
global human consultants,"['global', 'human', 'consultants']",Global Human Consultants,Correcto
global rail group,"['global', 'rail', 'group']",Global Rail Group,Correcto
global savings group,"['global', 'savings', 'group']",Global Savings Group,Correcto
global sio,"['global', 'sio']",Global SIO,Correcto
globant,['globant'],Globant,Correcto
globant commerce studio,"['globant', 'commerce', 'studio']",Globant,Correcto
gms management solutions s. l,"['gms', 'management', 'solutions', 's.', 'l']",GMS Management Solutions,Correcto
gms management solutions s.l,"['gms', 'management', 'solutions', 's.l']",GMS Management Solutions,Correcto
gmv,['gmv'],GMV,Correcto
gmv,['gmv'],GMV,Correcto
gmv spain,"['gmv', 'spain']",GMV,Correcto
goal systems,"['goal', 'systems']",Goal Systems,Correcto
goal systems,"['goal', 'systems']",Goal Systems,Correcto
govertis,['govertis'],Govertis,Correcto
govertis,['govertis'],Govertis,Correcto
graon,['graon'],Graon,Correcto
graon recruiting technologies,"['graon', 'recruiting', 'technologies']",Graon,Correcto
green code s&s it,"['green', 'code', 's&s', 'it']",Green Code Soluciones y Servicios IT,Correcto
green recruitment company,"['green', 'recruitment', 'company']",Green Recruitment Company,Correcto
group h. top hotels,"['group', 'h.', 'top', 'hotels']",htophotels Group,Correcto
group mecalux,"['group', 'mecalux']",Mecalux,Correcto
grup adtel,"['grup', 'adtel']",Grupo ADTEL,Correcto
grup arts gràfiques 1997 s.l.,"['grup', 'arts', 'gràfiques', '1997', 's.l.']",Grup Arts Grafiques 1997,Correcto
grup policlinic,"['grup', 'policlinic']",Grup Policlínic,Correcto
grup rv,"['grup', 'rv']",Grup Rosa dels Vents,Correcto
"grupo afronta, s.l.","['grupo', 'afronta,', 's.l.']",Grupo Afronta,Correcto
grupo air go express,"['grupo', 'air', 'go', 'express']",Grupo Air Go Express,Correcto
grupo aire,"['grupo', 'aire']",Grupo Aire,Correcto
grupo aldesa,"['grupo', 'aldesa']",Grupo Aldesa,Correcto
grupo arestora,"['grupo', 'arestora']",Grupo Arestora,Correcto
grupo atlante,"['grupo', 'atlante']",Grupo Atlante,Correcto
grupo avintia,"['grupo', 'avintia']",Grupo Avintia,Correcto
grupo avizor,"['grupo', 'avizor']",Grupo Avizor,Correcto
grupo azahara de comunicaciones s.a.,"['grupo', 'azahara', 'de', 'comunicaciones', 's.a.']",Grupo Azahara de Comunicaciones,Correcto
grupo belleza sl.,"['grupo', 'belleza', 'sl.']",Grupo Belleza,Correcto
grupo binternational,"['grupo', 'binternational']",Grupo Binternational,Correcto
grupo casfid,"['grupo', 'casfid']",Grupo CASFID,Correcto
grupo chg,"['grupo', 'chg']",Grupo CHG,Correcto
grupo cmc,"['grupo', 'cmc']",Grupo CMC,Correcto
grupo cmc,"['grupo', 'cmc']",Grupo CMC,Correcto
grupo cobra,"['grupo', 'cobra']",Grupo Cobra,Correcto
grupo cooperativo cajamar,"['grupo', 'cooperativo', 'cajamar']",Grupo Cooperativo Cajamar,Correcto
grupo coremsa,"['grupo', 'coremsa']",Grupo Coremsa,Correcto
grupo corporativo caliche,"['grupo', 'corporativo', 'caliche']",Grupo Corporativo Caliche,Correcto
grupo crit,"['grupo', 'crit']",Grupo Crit,Correcto
grupo crit,"['grupo', 'crit']",Grupo Crit,Correcto
grupo crit,"['grupo', 'crit']",Grupo Crit,Correcto
grupo cursach,"['grupo', 'cursach']",Grupo Cursach,Correcto
grupo d.c.,"['grupo', 'd.c.']",Grupo DC,Correcto
grupo dara innovación tecnológica,"['grupo', 'dara', 'innovación', 'tecnológica']",Grupo Dara,Correcto
grupo de ingeniería mundial,"['grupo', 'de', 'ingeniería', 'mundial']",Grupo de ingeniería mundial,Correcto
grupo dia,"['grupo', 'dia']",Grupo Dia,Correcto
grupo digital,"['grupo', 'digital']",Grupo Digital,Correcto
grupo disa,"['grupo', 'disa']",Grupo DISA,Correcto
grupo elecnor,"['grupo', 'elecnor']",Elecnor,Correcto
grupo empresarial español,"['grupo', 'empresarial', 'español']",Grupo empresarial español,Correcto
grupo empresarial jumo,"['grupo', 'empresarial', 'jumo']",Grupo Empresarial JUMO,Correcto
grupo enertel,"['grupo', 'enertel']",Grupo Enertel,Correcto
grupo eroski,"['grupo', 'eroski']",Grupo Eroski,Correcto
grupo eulen,"['grupo', 'eulen']",Grupo Eulen,Correcto
grupo eulen,"['grupo', 'eulen']",Grupo Eulen,Correcto
grupo exo,"['grupo', 'exo']",Grupo EXO,Correcto
grupo gastroadictos,"['grupo', 'gastroadictos']",Grupo Gastroadictos,Correcto
grupo hasten,"['grupo', 'hasten']",Grupo Hasten,Correcto
grupo hedima,"['grupo', 'hedima']",Grupo Hedima,Correcto
grupo hotusa,"['grupo', 'hotusa']",Grupo Hotusa,Correcto
grupo humact,"['grupo', 'humact']",Grupo Humact,Correcto
grupo ica,"['grupo', 'ica']",Grupo Ica,Correcto
grupo iman,"['grupo', 'iman']",Grupo Iman,Correcto
grupo imase,"['grupo', 'imase']",Grupo Imase,Correcto
grupo ingertec,"['grupo', 'ingertec']",Grupo Ingertec,Correcto
grupo innovaly,"['grupo', 'innovaly']",Grupo Innovaly,Correcto
grupo innovation,"['grupo', 'innovation']",Grupo Innovation,Correcto
grupo inprex,"['grupo', 'inprex']",Grupo Inprex,Correcto
grupo integra xxi sociedad limitada,"['grupo', 'integra', 'xxi', 'sociedad', 'limitada']",Grupo Integra Xxi Sociedad Limitada,Correcto
grupo invoin,"['grupo', 'invoin']",Grupo Invoin,Correcto
grupo invoin,"['grupo', 'invoin']",Grupo Invoin,Correcto
grupo juicy brands,"['grupo', 'juicy', 'brands']",Grupo Juicy Brands,Correcto
grupo kirol,"['grupo', 'kirol']",Grupo Kirol,Correcto
grupo lanak,"['grupo', 'lanak']",Grupo Lanak,Correcto
grupo libertad,"['grupo', 'libertad']",Grupo Libertad,Correcto
grupo marwen calsan,"['grupo', 'marwen', 'calsan']",Grupo Marwen Calsan,Correcto
grupo marzo professional services,"['grupo', 'marzo', 'professional', 'services']",Grupo Marzo Professional Services,Correcto
grupo masmovil,"['grupo', 'masmovil']",Grupo Masmovil,Correcto
grupo metronia,"['grupo', 'metronia']",Grupo Metronia,Correcto
grupo microserver,"['grupo', 'microserver']",Grupo Microserver,Correcto
grupo microsyscom,"['grupo', 'microsyscom']",Grupo Microsyscom,Correcto
grupo moga,"['grupo', 'moga']",Grupo Moga,Correcto
grupo new tandem,"['grupo', 'new', 'tandem']",Grupo New Tandem,Correcto
grupo noa's,"['grupo', ""noa's""]",Grupo Noa'S,Correcto
grupo noria,"['grupo', 'noria']",Grupo Noria,Correcto
grupo nortempo,"['grupo', 'nortempo']",Grupo Nortempo,Correcto
grupo ns,"['grupo', 'ns']",Grupo Ns,Correcto
grupo ns,"['grupo', 'ns']",Grupo Ns,Correcto
grupo ns,"['grupo', 'ns']",Grupo Ns,Correcto
grupo oesia,"['grupo', 'oesia']",Grupo Oesia,Correcto
grupo oesía,"['grupo', 'oesía']",Grupo Oesía,Correcto
grupo oesía,"['grupo', 'oesía']",Grupo Oesía,Correcto
grupo pampling,"['grupo', 'pampling']",Grupo Pampling,Correcto
grupo proeduca,"['grupo', 'proeduca']",Grupo Proeduca,Correcto
grupo proeduca,"['grupo', 'proeduca']",Grupo Proeduca,Correcto
grupo prosegur,"['grupo', 'prosegur']",Grupo Prosegur,Correcto
grupo quiter,"['grupo', 'quiter']",Grupo Quiter,Correcto
grupo ruiz,"['grupo', 'ruiz']",Grupo Ruiz,Correcto
grupo segura,"['grupo', 'segura']",Grupo Segura,Correcto
grupo sermicro,"['grupo', 'sermicro']",Grupo Sermicro,Correcto
grupo sia,"['grupo', 'sia']",Grupo Sia,Correcto
"grupo siteg, s.l.","['grupo', 'siteg,', 's.l.']","Grupo Siteg, S.L.",Correcto
grupo snb,"['grupo', 'snb']",Grupo Snb,Correcto
grupo solutia,"['grupo', 'solutia']",Grupo Solutia,Correcto
grupo solutio,"['grupo', 'solutio']",Grupo Solutio,Correcto
grupo solutio,"['grupo', 'solutio']",Grupo Solutio,Correcto
grupo sorona,"['grupo', 'sorona']",Grupo Sorona,Correcto
grupo sothis,"['grupo', 'sothis']",Grupo Sothis,Correcto
grupo tecdata engineering,"['grupo', 'tecdata', 'engineering']",Grupo Tecdata Engineering,Correcto
grupo tecopy,"['grupo', 'tecopy']",Grupo Tecopy,Correcto
grupo temporing,"['grupo', 'temporing']",Grupo Temporing,Correcto
grupo tesalia,"['grupo', 'tesalia']",Grupo Tesalia,Correcto
grupo tragsa,"['grupo', 'tragsa']",Grupo Tragsa,Correcto
grupo trc,"['grupo', 'trc']",Grupo Trc,Correcto
grupo ulma,"['grupo', 'ulma']",Grupo Ulma,Correcto
grupo v3,"['grupo', 'v3']",Grupo V3,Correcto
grupo vespok,"['grupo', 'vespok']",Grupo Vespok,Correcto
grupo vespok,"['grupo', 'vespok']",Grupo Vespok,Correcto
grupo viatek,"['grupo', 'viatek']",Grupo Viatek,Correcto
grupo vigilant,"['grupo', 'vigilant']",Grupo Vigilant,Correcto
grupo wis,"['grupo', 'wis']",Grupo Wis,Correcto
gt linkers,"['gt', 'linkers']",Gt Linkers,Correcto
gt motive,"['gt', 'motive']",GT Motive,Correcto
gt motive spain,"['gt', 'motive', 'spain']",GT Motive,Correcto
hasten group,"['hasten', 'group']",Hasten Group,Correcto
hasten group,"['hasten', 'group']",Hasten Group,Correcto
hays,['hays'],Hays,Correcto
hays,['hays'],Hays,Correcto
hays working for your tomorrow,"['hays', 'working', 'for', 'your', 'tomorrow']",Hays,Correcto
hh hunters,"['hh', 'hunters']",HH HUNTERS,Correcto
hh hunters,"['hh', 'hunters']",HH HUNTERS,Correcto
hiberus,['hiberus'],Hiberus Tecnología,Correcto
hiberus,['hiberus'],Hiberus Tecnología,Correcto
hiberus tecnologia,"['hiberus', 'tecnologia']",Hiberus Tecnología,Correcto
highlander,['highlander'],Highlander,Correcto
highlander,['highlander'],Highlander,Correcto
highlander recruitment sl,"['highlander', 'recruitment', 'sl']",Highlander,Correcto
highlander recruitment sl,"['highlander', 'recruitment', 'sl']",Highlander,Correcto
"hitachi automotive systems americas, inc.","['hitachi', 'automotive', 'systems', 'americas,', 'inc.']",Hitachi Automotive Systems,Correcto
hitachi careers,"['hitachi', 'careers']",Hitachi Automotive Systems,Correcto
hitachi vantara,"['hitachi', 'vantara']",Hitachi Automotive Systems,Correcto
hola,['hola'],Hola Consultores,Correcto
hola consultores sl,"['hola', 'consultores', 'sl']",Hola Consultores,Correcto
"hola consultores, sl","['hola', 'consultores,', 'sl']",Hola Consultores,Correcto
hotel investment partners,"['hotel', 'investment', 'partners']",HIP Hotel Investment Partners,Correcto
hotel treats,"['hotel', 'treats']",Hotel Treats,Correcto
hp,['hp'],HP,Correcto
hp scds,"['hp', 'scds']",HP,Correcto
hr innovate,"['hr', 'innovate']",HR Innovate,Correcto
hr path,"['hr', 'path']",HR Path,Correcto
hubtalent,['hubtalent'],Hubtalent,Correcto
hubtalent,['hubtalent'],Hubtalent,Correcto
human edge,"['human', 'edge']",Human Edge Management,Correcto
human selection,"['human', 'selection']",Human Selection,Correcto
human simbio consulting,"['human', 'simbio', 'consulting']",Human Simbio Consulting,Correcto
"iberdrola, s.a.","['iberdrola,', 's.a.']",Iberdrola,Correcto
"iberdrola, s.a.","['iberdrola,', 's.a.']",Iberdrola,Correcto
ices sa,"['ices', 'sa']",ICES,Correcto
ices sa,"['ices', 'sa']",ICES,Correcto
icon,['icon'],Icon Group,Correcto
icon - emea,"['icon', '-', 'emea']",Icon Group,Correcto
icon ingenieros sl,"['icon', 'ingenieros', 'sl']",Icon Group,Correcto
icon multimedia,"['icon', 'multimedia']",Icon Group,Correcto
icon strategic solutions - emea,"['icon', 'strategic', 'solutions', '-', 'emea']",Icon Group,Correcto
icp,['icp'],ICP Logística,Correcto
icp logística,"['icp', 'logística']",ICP Logística,Correcto
iddtek,['iddtek'],Iddtek,Correcto
iddtek,['iddtek'],Iddtek,Correcto
"iddtek ingeniería, diseño, desarrollo","['iddtek', 'ingeniería,', 'diseño,', 'desarrollo']",Iddtek,Correcto
iddtek – talento al servicio de la industria,"['iddtek', '–', 'talento', 'al', 'servicio', 'de', 'la', 'industria']",Iddtek,Correcto
idealista,['idealista'],Idealista,Correcto
idealista,['idealista'],Idealista,Correcto
idemia,['idemia'],IDEMIA,Correcto
idemia,['idemia'],IDEMIA,Correcto
ilunion capital humano ett,"['ilunion', 'capital', 'humano', 'ett']",ILUNION Capital Humano,Correcto
ilunion facility services,"['ilunion', 'facility', 'services']",ILUNION Capital Humano,Correcto
iman global consulting,"['iman', 'global', 'consulting']",IMAN Global Consulting,Correcto
iman global consulting,"['iman', 'global', 'consulting']",IMAN Global Consulting,Correcto
iman temporing,"['iman', 'temporing']",IMAN Temporing ETT,Correcto
iman temporing ett,"['iman', 'temporing', 'ett']",IMAN Temporing ETT,Correcto
"iman temporing ett, s.l.","['iman', 'temporing', 'ett,', 's.l.']",IMAN Temporing ETT,Correcto
importante consultora tecnológica,"['importante', 'consultora', 'tecnológica']",empresa anónima,Correcto
importante empresa,"['importante', 'empresa']",empresa anónima,Correcto
importante empresa,"['importante', 'empresa']",empresa anónima,Correcto
importante empresa del sector,"['importante', 'empresa', 'del', 'sector']",empresa anónima,Correcto
importante empresa del sector it.,"['importante', 'empresa', 'del', 'sector', 'it.']",empresa anónima,Correcto
importante multinacional del sector químico,"['importante', 'multinacional', 'del', 'sector', 'químico']",empresa anónima,Correcto
indra,['indra'],Indra Sistemas,Correcto
indra sistemas,"['indra', 'sistemas']",Indra Sistemas,Correcto
inetum,['inetum'],Inetum,Correcto
inetum norte,"['inetum', 'norte']",Inetum,Correcto
informatica,['informatica'],empresa anónima,Correcto
informatica astron multimedia s.l,"['informatica', 'astron', 'multimedia', 's.l']",Informática Astron Multimedia,Correcto
informatica astron s.l,"['informatica', 'astron', 's.l']",Informática Astron Multimedia,Correcto
informatica astron s.l,"['informatica', 'astron', 's.l']",Informática Astron Multimedia,Correcto
infortec consultores,"['infortec', 'consultores']",Infortec Consultores,Correcto
infortec consultores,"['infortec', 'consultores']",Infortec Consultores,Correcto
"infortec consultores, s.a.u- centro","['infortec', 'consultores,', 's.a.u-', 'centro']",Infortec Consultores,Correcto
ingefor,['ingefor'],INGEFOR Consultores,Correcto
ingefor international,"['ingefor', 'international']",INGEFOR Consultores,Correcto
ingefor international,"['ingefor', 'international']",INGEFOR Consultores,Correcto
ingenieria informatica,"['ingenieria', 'informatica']",empresa anónima,Correcto
ingenieria informatica empresarial,"['ingenieria', 'informatica', 'empresarial']",empresa anónima,Correcto
innova automatización s.l,"['innova', 'automatización', 's.l']",Innova IT,Correcto
innova it,"['innova', 'it']",Innova IT,Correcto
"innova it, sl","['innova', 'it,', 'sl']",Innova IT,Correcto
innova tech nc enterprise,"['innova', 'tech', 'nc', 'enterprise']",Innova IT,Correcto
innovery,['innovery'],Innovery,Correcto
innovery españa,"['innovery', 'españa']",Innovery,Correcto
instalaciones publicitarias granada,"['instalaciones', 'publicitarias', 'granada']",Instalaciones Publicitarias,Correcto
"instalaciones tecnosegur, s.l.","['instalaciones', 'tecnosegur,', 's.l.']",Tecnosegur,Correcto
instituto cambridge,"['instituto', 'cambridge']",Cambridge Institute,Correcto
instituto canario psicología empresarial sl,"['instituto', 'canario', 'psicología', 'empresarial', 'sl']",INPSI,Correcto
instituto tecnológico de informática,"['instituto', 'tecnológico', 'de', 'informática']",ITI,Correcto
integra tecnología,"['integra', 'tecnología']",Integra Tecnología,Correcto
integra tecnología y comunicación,"['integra', 'tecnología', 'y', 'comunicación']",Integra Tecnología,Correcto
intelygenz,['intelygenz'],Intelygenz,Correcto
intelygenz,['intelygenz'],Intelygenz,Correcto
intelygenz s.a,"['intelygenz', 's.a']",Intelygenz,Correcto
interempleo,['interempleo'],Interempleo,Correcto
interempleo ett,"['interempleo', 'ett']",Interempleo,Correcto
intrum,['intrum'],Intrum,Correcto
intrum ab,"['intrum', 'ab']",Intrum,Correcto
invoin,['invoin'],Grupo INVOIN,Correcto
invoin,['invoin'],Grupo INVOIN,Correcto
invoin consulting,"['invoin', 'consulting']",Grupo INVOIN,Correcto
invoin technology,"['invoin', 'technology']",Grupo INVOIN,Correcto
inycom,['inycom'],Inycom,Correcto
inycom,['inycom'],Inycom,Correcto
io digital,"['io', 'digital']",IO Digital,Correcto
io interactive,"['io', 'interactive']",IO Interactive,Correcto
io investigación,"['io', 'investigación']",IO Investigación,Correcto
ioon,['ioon'],Ioon Technologies,Correcto
ioon,['ioon'],Ioon Technologies,Correcto
ioon technologies,"['ioon', 'technologies']",Ioon Technologies,Correcto
ioon technologies slu,"['ioon', 'technologies', 'slu']",Ioon Technologies,Correcto
irium,['irium'],Irium Soluciones Y Sistemas,Correcto
irium - spain,"['irium', '-', 'spain']",Irium Soluciones Y Sistemas,Correcto
irium - spain,"['irium', '-', 'spain']",Irium Soluciones Y Sistemas,Correcto
irium soluciones y sistemas,"['irium', 'soluciones', 'y', 'sistemas']",Irium Soluciones Y Sistemas,Correcto
iscarem human resources,"['iscarem', 'human', 'resources']",ISCAREM Human Resources,Correcto
"iscarem human resources, s.l.","['iscarem', 'human', 'resources,', 's.l.']",ISCAREM Human Resources,Correcto
isprox,['isprox'],ISPROX,Correcto
isprox work solutions,"['isprox', 'work', 'solutions']",ISPROX,Correcto
iss profesionalia,"['iss', 'profesionalia']",ISS Profesionalia,Correcto
iss profesionalia                     it technology: 18 years making it human!,"['iss', 'profesionalia', '', '', '', '', '', '', '', '', '', '', '', '', '', '', '', '', '', '', '', '', 'it', 'technology:', '18', 'years', 'making', 'it', 'human!']",ISS Profesionalia,Correcto
it business vision,"['it', 'business', 'vision']",IT Business Vision,Correcto
it human resources,"['it', 'human', 'resources']",IT Human Resources,Correcto
it partner,"['it', 'partner']",IT Partner,Correcto
it partner españa,"['it', 'partner', 'españa']",IT Partner,Correcto
it recruiter talent s.l.,"['it', 'recruiter', 'talent', 's.l.']",It Recruiter Talent,Correcto
it rescue,"['it', 'rescue']",IT Rescue,Correcto
it sicap consultoría y sistemas,"['it', 'sicap', 'consultoría', 'y', 'sistemas']",ITSICAP,Correcto
italenters,['italenters'],iTalenters,Correcto
italenters,['italenters'],iTalenters,Correcto
izertis,['izertis'],Izertis,Correcto
izertis,['izertis'],Izertis,Correcto
izertis,['izertis'],Izertis,Correcto
izertis s. a,"['izertis', 's.', 'a']",Izertis,Correcto
izertis s.a,"['izertis', 's.a']",Izertis,Correcto
izertis s.a,"['izertis', 's.a']",Izertis,Correcto
jpc informatica y comunicaciones sl,"['jpc', 'informatica', 'y', 'comunicaciones', 'sl']",JPC Informática y Comunicaciones,Correcto
"jpc informática y comunicaciones, s.l.","['jpc', 'informática', 'y', 'comunicaciones,', 's.l.']",JPC Informática y Comunicaciones,Correcto
junta de andalucia,"['junta', 'de', 'andalucia']",Junta de Andalucía,Correcto
junta de andalucía,"['junta', 'de', 'andalucía']",Junta de Andalucía,Correcto
k-infotec,['k-infotec'],K Infotec Sistemas,Correcto
k-infotec sistemas,"['k-infotec', 'sistemas']",K Infotec Sistemas,Correcto
k-infotec sistemas s.a.u,"['k-infotec', 'sistemas', 's.a.u']",K Infotec Sistemas,Correcto
k2 capo slu,"['k2', 'capo', 'slu']",K2 Capo,Correcto
k2 partnering,"['k2', 'partnering']",K2 Partnering Solutions,Correcto
k2 partnering solutions,"['k2', 'partnering', 'solutions']",K2 Partnering Solutions,Correcto
k2 talent solutions,"['k2', 'talent', 'solutions']",K2 Partnering Solutions,Correcto
kairós digital solutions,"['kairós', 'digital', 'solutions']",Kairós Digital Solutions,Correcto
kairós digital solutions s.l.,"['kairós', 'digital', 'solutions', 's.l.']",Kairós Digital Solutions,Correcto
kaizen institute western europe,"['kaizen', 'institute', 'western', 'europe']",Kaizen Talent,Correcto
kaizen talent,"['kaizen', 'talent']",Kaizen Talent,Correcto
kapres technology,"['kapres', 'technology']",Kapres Technology,Correcto
"kapres technology, s.l.","['kapres', 'technology,', 's.l.']",Kapres Technology,Correcto
kapsch,['kapsch'],Kapsch TrafficCom,Correcto
kapsch trafficcom ag,"['kapsch', 'trafficcom', 'ag']",Kapsch TrafficCom,Correcto
kapsch trafficcom transportation s.a.u.,"['kapsch', 'trafficcom', 'transportation', 's.a.u.']",Kapsch TrafficCom,Correcto
kapsch trafficcom transportation sau,"['kapsch', 'trafficcom', 'transportation', 'sau']",Kapsch TrafficCom,Correcto
keapps,['keapps'],Keapps,Correcto
keapps,['keapps'],Keapps,Correcto
keapps,['keapps'],Keapps,Correcto
keyrus,['keyrus'],Keyrus,Correcto
keyrus sea,"['keyrus', 'sea']",Keyrus,Correcto
keyrus spain,"['keyrus', 'spain']",Keyrus,Correcto
kiteris,['kiteris'],Kiteris Solutions,Correcto
kiteris solutions,"['kiteris', 'solutions']",Kiteris Solutions,Correcto
kpmg,['kpmg'],KPMG,Correcto
kpmg asesores a coruña,"['kpmg', 'asesores', 'a', 'coruña']",KPMG,Correcto
kpmg asesores barcelona,"['kpmg', 'asesores', 'barcelona']",KPMG,Correcto
kpmg españa,"['kpmg', 'españa']",KPMG,Correcto
kpmg ireland,"['kpmg', 'ireland']",KPMG,Correcto
kpmg spain,"['kpmg', 'spain']",KPMG,Correcto
krell consulting,"['krell', 'consulting']",Krell Consulting,Correcto
krell consulting & training,"['krell', 'consulting', '&', 'training']",Krell Consulting,Correcto
"krell consulting & training, s.l.","['krell', 'consulting', '&', 'training,', 's.l.']",Krell Consulting,Correcto
krell consulting &amp; training,"['krell', 'consulting', '&amp;', 'training']",Krell Consulting,Correcto
krell-consulting,['krell-consulting'],Krell Consulting,Correcto
krell-consulting,['krell-consulting'],Krell Consulting,Correcto
kyndryl,['kyndryl'],Kyndryl,Correcto
"kyndryl españa, s.a.","['kyndryl', 'españa,', 's.a.']",Kyndryl,Correcto
la casa del pc,"['la', 'casa', 'del', 'pc']",La Casa Del Pc,Correcto
la e factoría,"['la', 'e', 'factoría']",La E Factoria,Correcto
la fabrica de software y hardware sl,"['la', 'fabrica', 'de', 'software', 'y', 'hardware', 'sl']",La Fabrica De Software Y Hardware,Correcto
la rueca,"['la', 'rueca']",La Rueca,Correcto
la teva web,"['la', 'teva', 'web']",La Teva,Correcto
laboratorios morales soler sl,"['laboratorios', 'morales', 'soler', 'sl']",Laboratorios Morales Soler,Correcto
laboratorios natysal,"['laboratorios', 'natysal']",Laboratorios Natysal,Correcto
leadtech,['leadtech'],Leadtech Group,Correcto
leadtech group,"['leadtech', 'group']",Leadtech Group,Correcto
leitat - centro tecnológico,"['leitat', '-', 'centro', 'tecnológico']",Leitat Technological Center,Correcto
leitat technological center,"['leitat', 'technological', 'center']",Leitat Technological Center,Correcto
lhh,['lhh'],IHH Recruitment Solutions,Correcto
lhh recruitment solutions,"['lhh', 'recruitment', 'solutions']",IHH Recruitment Solutions,Correcto
lifull connect,"['lifull', 'connect']",Lifull Connect,Correcto
lifull connect,"['lifull', 'connect']",Lifull Connect,Correcto
ljselection,['ljselection'],LJselection,Correcto
ljselection,['ljselection'],LJselection,Correcto
lks next,"['lks', 'next']",LKS NEXT,Correcto
lks selection & training management,"['lks', 'selection', '&', 'training', 'management']",LKS NEXT,Correcto
logicalis,['logicalis'],Logicalis,Correcto
logicalis gmbh,"['logicalis', 'gmbh']",Logicalis,Correcto
logicalis spain,"['logicalis', 'spain']",Logicalis,Correcto
lognext,['lognext'],Lognext,Correcto
lognext,['lognext'],Lognext,Correcto
looking for talent consultora de rrhh,"['looking', 'for', 'talent', 'consultora', 'de', 'rrhh']",Looking For Talent,Correcto
looking for talent consultores,"['looking', 'for', 'talent', 'consultores']",Looking For Talent,Correcto
lynx view,"['lynx', 'view']",Lynx View,Correcto
lynx view,"['lynx', 'view']",Lynx View,Correcto
lãberit,['lãberit'],Lãberit,Correcto
lãberit,['lãberit'],Lãberit,Correcto
"líder del sector de alimentación y bebidas, con arraigada cultura familiar, en constante desarrollo y expansión nacional e internacional.","['líder', 'del', 'sector', 'de', 'alimentación', 'y', 'bebidas,', 'con', 'arraigada', 'cultura', 'familiar,', 'en', 'constante', 'desarrollo', 'y', 'expansión', 'nacional', 'e', 'internacional.']",empresa anónima,Correcto
líder nacional del sector en formación on-line y a distancia,"['líder', 'nacional', 'del', 'sector', 'en', 'formación', 'on-line', 'y', 'a', 'distancia']",empresa anónima,Correcto
m47 labs,"['m47', 'labs']",M47 Labs,Correcto
"m47 labs & international fiducia, s.l.","['m47', 'labs', '&', 'international', 'fiducia,', 's.l.']",M47 Labs,Correcto
magtel,['magtel'],Magtel,Correcto
magtel,['magtel'],Magtel,Correcto
malthus darwin,"['malthus', 'darwin']",Malthus Darwin,Correcto
malthus darwin,"['malthus', 'darwin']",Malthus Darwin,Correcto
manpowergroup españa,"['manpowergroup', 'españa']",ManpowerGroup,Correcto
manpowergroup talent solutions,"['manpowergroup', 'talent', 'solutions']",ManpowerGroup,Correcto
marketing digital náutico,"['marketing', 'digital', 'náutico']",empresa anónima,Correcto
marketing social media,"['marketing', 'social', 'media']",empresa anónima,Correcto
marlex,['marlex'],Marlex Human Capital,Correcto
marlex human capital,"['marlex', 'human', 'capital']",Marlex Human Capital,Correcto
marlex interim,"['marlex', 'interim']",Marlex Human Capital,Correcto
marqués,['marqués'],Marques Soluciones TIC,Correcto
marqués | soluciones tecnológicas para empresas,"['marqués', '|', 'soluciones', 'tecnológicas', 'para', 'empresas']",Marques Soluciones TIC,Correcto
materialise,['materialise'],Materialise,Correcto
materialise nv,"['materialise', 'nv']",Materialise,Correcto
mecalux,['mecalux'],Mecalux,Correcto
mecalux levante sa,"['mecalux', 'levante', 'sa']",Mecalux,Correcto
mensoft consultores s.l,"['mensoft', 'consultores', 's.l']",Mensoft Consultores,Correcto
"mensoft consultores, s.l","['mensoft', 'consultores,', 's.l']",Mensoft Consultores,Correcto
mercadona,['mercadona'],Mercadona,Correcto
mercadona sa,"['mercadona', 'sa']",Mercadona,Correcto
merkle,['merkle'],Merkle,Correcto
merkle spain,"['merkle', 'spain']",Merkle,Correcto
metrica consulting,"['metrica', 'consulting']",Metrica Consulting,Correcto
"metrica consulting, s.l","['metrica', 'consulting,', 's.l']",Metrica Consulting,Correcto
mia advanced systems,"['mia', 'advanced', 'systems']",Mia Advanced Systems,Correcto
mia advanced systems,"['mia', 'advanced', 'systems']",Mia Advanced Systems,Correcto
mia advanced systems,"['mia', 'advanced', 'systems']",Mia Advanced Systems,Correcto
michael page,"['michael', 'page']",PageGroup,Correcto
michael page,"['michael', 'page']",PageGroup,Correcto
michael page españa,"['michael', 'page', 'españa']",PageGroup,Correcto
michelin,['michelin'],Michelin,Correcto
michelin oy,"['michelin', 'oy']",Michelin,Correcto
microsoft,['microsoft'],Microsoft,Correcto
microsoft corporation,"['microsoft', 'corporation']",Microsoft,Correcto
minsait,['minsait'],Minsait Consultoría,Correcto
minsait (indra soluciones ti),"['minsait', '(indra', 'soluciones', 'ti)']",Minsait Consultoría,Correcto
mnemo,['mnemo'],MNEMO Servicios TI,Correcto
mnemo servicios ti,"['mnemo', 'servicios', 'ti']",MNEMO Servicios TI,Correcto
moffatt & nichol,"['moffatt', '&', 'nichol']",Moffat & Nichol,Correcto
moffatt and nichol,"['moffatt', 'and', 'nichol']",Moffat & Nichol,Correcto
moffatt and nichol,"['moffatt', 'and', 'nichol']",Moffat & Nichol,Correcto
montaner,['montaner'],Montaner & Asociados,Correcto
montaner & asociados,"['montaner', '&', 'asociados']",Montaner & Asociados,Correcto
montared fiber,"['montared', 'fiber']",Montared Fiber,Correcto
montared fiber,"['montared', 'fiber']",Montared Fiber,Correcto
morgan philips executive search,"['morgan', 'philips', 'executive', 'search']",Morgan Philips Group,Correcto
morgan philips group,"['morgan', 'philips', 'group']",Morgan Philips Group,Correcto
mudanzas la seda,"['mudanzas', 'la', 'seda']",Mudanzas La Seda,Correcto
mudanzas plata,"['mudanzas', 'plata']",Mudanzas Plata,Correcto
"ncs seguridad, s.l.","['ncs', 'seguridad,', 's.l.']",NCS Seguridad,Correcto
ncs spain,"['ncs', 'spain']",NCS Seguridad,Correcto
neoland,['neoland'],Neoland,Correcto
neoland (madrid),"['neoland', '(madrid)']",Neoland,Correcto
neoris,['neoris'],Neoris,Correcto
neoris,['neoris'],Neoris,Correcto
neotalent,['neotalent'],Neotalent,Correcto
neotalent,['neotalent'],Neotalent,Correcto
nestlé,['nestlé'],Nestlé,Correcto
nestlé operational services worldwide sa gtp,"['nestlé', 'operational', 'services', 'worldwide', 'sa', 'gtp']",Nestlé,Correcto
netcheck,['netcheck'],Netcheck,Correcto
netcheck,['netcheck'],Netcheck,Correcto
new relic,"['new', 'relic']",New Relic,Correcto
"new relic, inc.","['new', 'relic,', 'inc.']",New Relic,Correcto
new tandem,"['new', 'tandem']",New Tandem,Correcto
new tandem sim,"['new', 'tandem', 'sim']",New Tandem,Correcto
nextret,['nextret'],Nextret,Correcto
nextret,['nextret'],Nextret,Correcto
nexttic,['nexttic'],Nexttic,Correcto
nexttic,['nexttic'],Nexttic,Correcto
nigel frank,"['nigel', 'frank']",Nigel Frank: Microsoft Recruitment,Correcto
nigel frank international,"['nigel', 'frank', 'international']",Nigel Frank: Microsoft Recruitment,Correcto
nigel frank international limited,"['nigel', 'frank', 'international', 'limited']",Nigel Frank: Microsoft Recruitment,Correcto
nous,['nous'],Nous Gestion De Proyectos IT,Correcto
nous,['nous'],Nous Gestion De Proyectos IT,Correcto
nous gestión de proyectos it,"['nous', 'gestión', 'de', 'proyectos', 'it']",Nous Gestion De Proyectos IT,Correcto
nous gestión de proyectos it,"['nous', 'gestión', 'de', 'proyectos', 'it']",Nous Gestion De Proyectos IT,Correcto
nova notio s.l.,"['nova', 'notio', 's.l.']",Novanotio,Correcto
nova studio,"['nova', 'studio']",NOVA Studio,Correcto
novanotio,['novanotio'],Novanotio,Correcto
novanotio,['novanotio'],Novanotio,Correcto
novartis,['novartis'],Novartis Farmacéutica,Correcto
"novartis farmacéutica, s.a.","['novartis', 'farmacéutica,', 's.a.']",Novartis Farmacéutica,Correcto
novatec,['novatec'],Novatec Software,Correcto
novatec software engineering españa sl,"['novatec', 'software', 'engineering', 'españa', 'sl']",Novatec Software,Correcto
npaw spain,"['npaw', 'spain']",NPAW,Correcto
npaw spain,"['npaw', 'spain']",NPAW,Correcto
npr spain,"['npr', 'spain']",NPR,Correcto
npr spain,"['npr', 'spain']",NPR,Correcto
ntt,['ntt'],NTT DATA,Correcto
ntt data,"['ntt', 'data']",NTT DATA,Correcto
ntt data corporation,"['ntt', 'data', 'corporation']",NTT DATA,Correcto
ntt data europe & latam,"['ntt', 'data', 'europe', '&', 'latam']",NTT DATA,Correcto
ntt data ofertas de empleo profesionales,"['ntt', 'data', 'ofertas', 'de', 'empleo', 'profesionales']",NTT DATA,Correcto
ntt ltd.,"['ntt', 'ltd.']",NTT DATA,Correcto
ntt spain intelligent technologies and services s.l.u.,"['ntt', 'spain', 'intelligent', 'technologies', 'and', 'services', 's.l.u.']",NTT DATA,Correcto
nucleoo,['nucleoo'],Nucleoo,Correcto
nucleoo,['nucleoo'],Nucleoo,Correcto
nunsys,['nunsys'],Nunsys,Correcto
nunsys,['nunsys'],Nunsys,Correcto
nuvolar,['nuvolar'],Nuvolar Works,Correcto
nuvolar works,"['nuvolar', 'works']",Nuvolar Works,Correcto
o2o,['o2o'],O2O Digital Strategy,Correcto
o2o - one2one digital strategy,"['o2o', '-', 'one2one', 'digital', 'strategy']",O2O Digital Strategy,Correcto
oca global,"['oca', 'global']",OCA Global,Correcto
oca global,"['oca', 'global']",OCA Global,Correcto
odilo,['odilo'],Odilo,Correcto
odilo,['odilo'],Odilo,Correcto
ofg,['ofg'],O.F.G. Adquisiciones e Ingeniería,Correcto
ofg adquisiciones e ingeniería,"['ofg', 'adquisiciones', 'e', 'ingeniería']",O.F.G. Adquisiciones e Ingeniería,Correcto
ofg ingenierã­a y adquisiciones s.l.,"['ofg', 'ingenierã\xada', 'y', 'adquisiciones', 's.l.']",O.F.G. Adquisiciones e Ingeniería,Correcto
ofg ingeniería y adquisiciones s.l.,"['ofg', 'ingeniería', 'y', 'adquisiciones', 's.l.']",O.F.G. Adquisiciones e Ingeniería,Correcto
ofg ingeniería y adquisiciones s.l.,"['ofg', 'ingeniería', 'y', 'adquisiciones', 's.l.']",O.F.G. Adquisiciones e Ingeniería,Correcto
oficina,['oficina'],empresa anónima,Correcto
oficina de empleo ▪️ comunidad de madrid,"['oficina', 'de', 'empleo', '▪️', 'comunidad', 'de', 'madrid']",Oficina de Empleo,Correcto
oficina de treball del soc,"['oficina', 'de', 'treball', 'del', 'soc']",Oficines de Treball,Correcto
oficina del servicio andaluz de empleo,"['oficina', 'del', 'servicio', 'andaluz', 'de', 'empleo']",Oficina de Empleo,Correcto
oliver james,"['oliver', 'james']",Oliver James Associates,Correcto
oliver james associates,"['oliver', 'james', 'associates']",Oliver James Associates,Correcto
omega crm,"['omega', 'crm']",Omega CRM,Correcto
omega crm consulting,"['omega', 'crm', 'consulting']",Omega CRM,Correcto
"omega crm, a merkle company","['omega', 'crm,', 'a', 'merkle', 'company']",Omega CRM,Correcto
one player mission,"['one', 'player', 'mission']",OPM Jobs,Correcto
one totem,"['one', 'totem']",One Totem,Correcto
ong,['ong'],empresa anónima,Correcto
ong,['ong'],empresa anónima,Correcto
oracle,['oracle'],Oracle,Correcto
oracle corporation,"['oracle', 'corporation']",Oracle,Correcto
orange fish s.l,"['orange', 'fish', 's.l']",Orange Fish Group,Correcto
orange quarter,"['orange', 'quarter']",Orange Quarter,Correcto
orbital critical systems,"['orbital', 'critical', 'systems']",Grupo CAF,Correcto
orbital grupo caf,"['orbital', 'grupo', 'caf']",Grupo CAF,Correcto
orizon soluciones tecnologicas,"['orizon', 'soluciones', 'tecnologicas']",Orizon Soluciones Tecnológicas,Correcto
orizon soluciones tecnologicas,"['orizon', 'soluciones', 'tecnologicas']",Orizon Soluciones Tecnológicas,Correcto
orizon soluciones tecnologicas,"['orizon', 'soluciones', 'tecnologicas']",Orizon Soluciones Tecnológicas,Correcto
oxigent technologies,"['oxigent', 'technologies']",Oxigent Technologies,Correcto
oxigent technologies,"['oxigent', 'technologies']",Oxigent Technologies,Correcto
ozona tech,"['ozona', 'tech']",Ozona Tech,Correcto
ozona tecnología,"['ozona', 'tecnología']",Ozona Tech,Correcto
page personnel,"['page', 'personnel']",PageGroup,Correcto
page personnel / selección de personal (temporal e indefinido),"['page', 'personnel', '/', 'selección', 'de', 'personal', '(temporal', 'e', 'indefinido)']",PageGroup,Correcto
page personnel es,"['page', 'personnel', 'es']",PageGroup,Correcto
page personnel españa,"['page', 'personnel', 'españa']",PageGroup,Correcto
page personnel ett,"['page', 'personnel', 'ett']",PageGroup,Correcto
page personnel ett,"['page', 'personnel', 'ett']",PageGroup,Correcto
page personnel ett,"['page', 'personnel', 'ett']",PageGroup,Correcto
page personnel spain,"['page', 'personnel', 'spain']",PageGroup,Correcto
panel sistemas informaticos,"['panel', 'sistemas', 'informaticos']",Panel Sistemas Informáticos,Correcto
panel sistemas informáticos,"['panel', 'sistemas', 'informáticos']",Panel Sistemas Informáticos,Correcto
panel sistemas informáticos,"['panel', 'sistemas', 'informáticos']",Panel Sistemas Informáticos,Correcto
paradigma (pdgm),"['paradigma', '(pdgm)']",Paradigma Digital,Correcto
paradigma digital,"['paradigma', 'digital']",Paradigma Digital,Correcto
payfit,['payfit'],PayFit,Correcto
payfit france,"['payfit', 'france']",PayFit,Correcto
pepsico,['pepsico'],Pepsico,Correcto
pepsico deutschland gmbh,"['pepsico', 'deutschland', 'gmbh']",Pepsico,Correcto
pertemps erp,"['pertemps', 'erp']",Pertemps Network Group,Correcto
pertemps erp (part of network emea),"['pertemps', 'erp', '(part', 'of', 'network', 'emea)']",Pertemps Network Group,Correcto
phicus tecnología,"['phicus', 'tecnología']",Phicus Tecnología,Correcto
"phicus tecnología, s.l.","['phicus', 'tecnología,', 's.l.']",Phicus Tecnología,Correcto
pimec,['pimec'],Pimec Jobs,Correcto
pimec jobs,"['pimec', 'jobs']",Pimec Jobs,Correcto
planeta huerto,"['planeta', 'huerto']",Planeta Huerto,Correcto
planeta huerto career,"['planeta', 'huerto', 'career']",Planeta Huerto,Correcto
plexus,['plexus'],Plexus Tech,Correcto
plexus tech,"['plexus', 'tech']",Plexus Tech,Correcto
polygon,['polygon'],Polygon Technology,Correcto
polygon technology,"['polygon', 'technology']",Polygon Technology,Correcto
pos crm,"['pos', 'crm']",POS Digital Solutions,Correcto
pos digital solutions,"['pos', 'digital', 'solutions']",POS Digital Solutions,Correcto
power electronics,"['power', 'electronics']",Power Electronics,Correcto
power factors,"['power', 'factors']",Power Factors,Correcto
ppg,['ppg'],PPG Industrial Coatings,Correcto
ppg coatings deutschland gmbh,"['ppg', 'coatings', 'deutschland', 'gmbh']",PPG Industrial Coatings,Correcto
primeit,['primeit'],Primeit,Correcto
primeit españa,"['primeit', 'españa']",Primeit,Correcto
procesia,['procesia'],Procesia Proyectos y Servicios,Correcto
procesia,['procesia'],Procesia Proyectos y Servicios,Correcto
procesia proyectos y servicios,"['procesia', 'proyectos', 'y', 'servicios']",Procesia Proyectos y Servicios,Correcto
prodware,['prodware'],Prodware,Correcto
prodware españa,"['prodware', 'españa']",Prodware,Correcto
proport project control,"['proport', 'project', 'control']",Proport Project Control,Correcto
proport project control,"['proport', 'project', 'control']",Proport Project Control,Correcto
prosegur,['prosegur'],Prosegur,Correcto
prosegur,['prosegur'],Prosegur,Correcto
psicotec,['psicotec'],Psicotec,Correcto
psicotec,['psicotec'],Psicotec,Correcto
psicotec sa,"['psicotec', 'sa']",Psicotec,Correcto
pss,['pss'],PSS,Correcto
pss,['pss'],PSS,Correcto
pss tecnologías de la información,"['pss', 'tecnologías', 'de', 'la', 'información']",PSS,Correcto
ptv telecom,"['ptv', 'telecom']",PTV Telecom,Correcto
ptv telecom,"['ptv', 'telecom']",PTV Telecom,Correcto
pwc,['pwc'],PWC,Correcto
pwc españa,"['pwc', 'españa']",PWC,Correcto
q-tech,['q-tech'],Q-tech IT Recruitment,Correcto
q-tech,['q-tech'],Q-tech IT Recruitment,Correcto
q-tech recruitment consultants,"['q-tech', 'recruitment', 'consultants']",Q-tech IT Recruitment,Correcto
quental,['quental'],Quental Technologies,Correcto
quental technologies,"['quental', 'technologies']",Quental Technologies,Correcto
randstad,['randstad'],Randstad,Correcto
randstad  technologies centro,"['randstad', '', 'technologies', 'centro']",Randstad,Correcto
randstad es,"['randstad', 'es']",Randstad,Correcto
randstad españa,"['randstad', 'españa']",Randstad,Correcto
randstad professionals,"['randstad', 'professionals']",Randstad,Correcto
randstad spain,"['randstad', 'spain']",Randstad,Correcto
randstad technologies,"['randstad', 'technologies']",Randstad,Correcto
randstad technologies españa,"['randstad', 'technologies', 'españa']",Randstad,Correcto
rawson bpo,"['rawson', 'bpo']",Rawson BPO,Correcto
rawson bpo,"['rawson', 'bpo']",Rawson BPO,Correcto
rdt,['rdt'],RDT Engineers,Correcto
rdt engineers,"['rdt', 'engineers']",RDT Engineers,Correcto
rdt ingenieros,"['rdt', 'ingenieros']",RDT Engineers,Correcto
rdt ingenieros,"['rdt', 'ingenieros']",RDT Engineers,Correcto
red commerce,"['red', 'commerce']",RED Global,Correcto
red global,"['red', 'global']",RED Global,Correcto
red global,"['red', 'global']",RED Global,Correcto
red hat,"['red', 'hat']",Red Hat,Correcto
red hat software,"['red', 'hat', 'software']",Red Hat,Correcto
red hospitalaria recoletas,"['red', 'hospitalaria', 'recoletas']",Grupo Recoletas Red Hospitalaria,Correcto
remote and talent,"['remote', 'and', 'talent']",Remote and Talent,Correcto
remote team solutions,"['remote', 'team', 'solutions']",Remote Team Solutions,Correcto
remote tech solutions sl,"['remote', 'tech', 'solutions', 'sl']",Remote Team Solutions,Correcto
repsol,['repsol'],Repsol,Correcto
repsol europe finance sarl,"['repsol', 'europe', 'finance', 'sarl']",Repsol,Correcto
ria,['ria'],Ria Money Transfer,Correcto
ria money transfer,"['ria', 'money', 'transfer']",Ria Money Transfer,Correcto
ricoh,['ricoh'],Ricoh,Correcto
ricoh españa,"['ricoh', 'españa']",Ricoh,Correcto
ricoh españa,"['ricoh', 'españa']",Ricoh,Correcto
roadsurfer,['roadsurfer'],Roadsurfer,Correcto
roadsurfer gmbh,"['roadsurfer', 'gmbh']",Roadsurfer,Correcto
robert bosch españa fabrica madrid sa,"['robert', 'bosch', 'españa', 'fabrica', 'madrid', 'sa']",Bosch,Correcto
robert walters,"['robert', 'walters']",Robert Walters,Correcto
robert walters spain,"['robert', 'walters', 'spain']",Robert Walters,Correcto
rosoftware,['rosoftware'],Rosoftware,Correcto
rosoftware,['rosoftware'],Rosoftware,Correcto
sandav,['sandav'],Sandav Consultores,Correcto
sandav,['sandav'],Sandav Consultores,Correcto
sandav consultores,"['sandav', 'consultores']",Sandav Consultores,Correcto
santander,['santander'],Banco Santander,Correcto
santander digital services,"['santander', 'digital', 'services']",Banco Santander,Correcto
scalian,['scalian'],Scalian,Correcto
scalian spain,"['scalian', 'spain']",Scalian,Correcto
schneider electric,"['schneider', 'electric']",Schneider Electric,Correcto
schneider electric industries sas,"['schneider', 'electric', 'industries', 'sas']",Schneider Electric,Correcto
sci serviclients - barcelona,"['sci', 'serviclients', '-', 'barcelona']",SCI Serviclients,Correcto
sci serviclients informática sl,"['sci', 'serviclients', 'informática', 'sl']",SCI Serviclients,Correcto
sci – serviclients informatica,"['sci', '–', 'serviclients', 'informatica']",SCI Serviclients,Correcto
sdad iwantic s. l.,"['sdad', 'iwantic', 's.', 'l.']",Iwantic,Correcto
sdad iwantic s.l.,"['sdad', 'iwantic', 's.l.']",Iwantic,Correcto
sdi digital group,"['sdi', 'digital', 'group']",SDi Digital Group,Correcto
sdi soluciones informáticas,"['sdi', 'soluciones', 'informáticas']",SDi Digital Group,Correcto
seat code,"['seat', 'code']",Seat,Correcto
seat sa,"['seat', 'sa']",Seat,Correcto
sebastián consultores,"['sebastián', 'consultores']",Sebastián Consultores,Correcto
sebastián consultores,"['sebastián', 'consultores']",Sebastián Consultores,Correcto
sectorea,['sectorea'],Sectorea IT,Correcto
sectorea it,"['sectorea', 'it']",Sectorea IT,Correcto
sectorea it seleccion,"['sectorea', 'it', 'seleccion']",Sectorea IT,Correcto
securitas,['securitas'],Securitas Direct,Correcto
securitas direct,"['securitas', 'direct']",Securitas Direct,Correcto
securitas direct españa s.a.u,"['securitas', 'direct', 'españa', 's.a.u']",Securitas Direct,Correcto
securitas seguridad españa,"['securitas', 'seguridad', 'españa']",Securitas Direct,Correcto
securitas seguridad españa s.a.,"['securitas', 'seguridad', 'españa', 's.a.']",Securitas Direct,Correcto
sedaser soluciones tecnologicas s.l.,"['sedaser', 'soluciones', 'tecnologicas', 's.l.']",Sedaser Soluciones Tecnológicas,Correcto
sedaser soluciones tecnológicas,"['sedaser', 'soluciones', 'tecnológicas']",Sedaser Soluciones Tecnológicas,Correcto
segula technologies,"['segula', 'technologies']",Segula Technologies,Correcto
segula technologies - barcelona,"['segula', 'technologies', '-', 'barcelona']",Segula Technologies,Correcto
seguridad a medida,"['seguridad', 'a', 'medida']",empresa anónima,Correcto
seguridad control y detección ( second ),"['seguridad', 'control', 'y', 'detección', '(', 'second', ')']",empresa anónima,Correcto
seidor,['seidor'],Seidor,Correcto
seidor,['seidor'],Seidor,Correcto
seidor,['seidor'],Seidor,Correcto
seidor opentrends,"['seidor', 'opentrends']",Seidor,Correcto
seis maquinaria,"['seis', 'maquinaria']",Seis Maquinaria,Correcto
"seis maquinaria, sll","['seis', 'maquinaria,', 'sll']",Seis Maquinaria,Correcto
selecta digital,"['selecta', 'digital']",Selecta Digital,Correcto
selecta selección de talento,"['selecta', 'selección', 'de', 'talento']",Selecta Digital,Correcto
seltime,['seltime'],Seltime,Correcto
seltime sl,"['seltime', 'sl']",Seltime,Correcto
sener,['sener'],SENER Aeroespacial y Defensa,Correcto
sener,['sener'],SENER Aeroespacial y Defensa,Correcto
sener aeroespacial,"['sener', 'aeroespacial']",SENER Aeroespacial y Defensa,Correcto
sener en aeroespacial,"['sener', 'en', 'aeroespacial']",SENER Aeroespacial y Defensa,Correcto
sener en aeroespacial,"['sener', 'en', 'aeroespacial']",SENER Aeroespacial y Defensa,Correcto
serbatic,['serbatic'],Serbatic,Correcto
serbatic,['serbatic'],Serbatic,Correcto
serem,['serem'],Serem,Correcto
serem,['serem'],Serem,Correcto
serem consultoría empresarial,"['serem', 'consultoría', 'empresarial']",Serem,Correcto
seres,['seres'],Seres,Correcto
seres (docaposte),"['seres', '(docaposte)']",Seres,Correcto
sermicro,['sermicro'],Sermicro,Correcto
sermicro,['sermicro'],Sermicro,Correcto
"servicios de programación, consultoria y otras activ. informaticas","['servicios', 'de', 'programación,', 'consultoria', 'y', 'otras', 'activ.', 'informaticas']",empresa anónima,Correcto
servicios integrales de informática,"['servicios', 'integrales', 'de', 'informática']",empresa anónima,Correcto
serviguidebpo,['serviguidebpo'],ServiguideBPO,Correcto
serviguidebpo,['serviguidebpo'],ServiguideBPO,Correcto
set europa,"['set', 'europa']",SET Europa,Correcto
set europa,"['set', 'europa']",SET Europa,Correcto
setesca,['setesca'],Setesca Talent,Correcto
setesca,['setesca'],Setesca Talent,Correcto
setesca talent,"['setesca', 'talent']",Setesca Talent,Correcto
shot edit estudio,"['shot', 'edit', 'estudio']",Shot edit Estudio,Correcto
shot edit estudio,"['shot', 'edit', 'estudio']",Shot edit Estudio,Correcto
siemens,['siemens'],Siemens,Correcto
siemens energy,"['siemens', 'energy']",Siemens,Correcto
siemens gamesa,"['siemens', 'gamesa']",Siemens,Correcto
siemens gamesa renewable energy,"['siemens', 'gamesa', 'renewable', 'energy']",Siemens,Correcto
"siemens gamesa renewable energy, s.a.","['siemens', 'gamesa', 'renewable', 'energy,', 's.a.']",Siemens,Correcto
signify,['signify'],Signify Technology,Correcto
signify netherlands b.v.,"['signify', 'netherlands', 'b.v.']",Signify Technology,Correcto
signify technology,"['signify', 'technology']",Signify Technology,Correcto
sistemas de datos sl,"['sistemas', 'de', 'datos', 'sl']",Sistemas de Datos,Correcto
sistemas integrales cualificados,"['sistemas', 'integrales', 'cualificados']",S.I.C. Sistemas,Correcto
sistemas técnicos interactivos sl,"['sistemas', 'técnicos', 'interactivos', 'sl']",Sistemas Técnicos Interactivos,Correcto
sm2,['sm2'],Sm2 Software & Services Management,Correcto
sm2 software & services management s.a.,"['sm2', 'software', '&', 'services', 'management', 's.a.']",Sm2 Software & Services Management,Correcto
smartway studio,"['smartway', 'studio']",SmartWay Studio,Correcto
smartway vp,"['smartway', 'vp']",SmartWay VP,Correcto
smx services & consulting,"['smx', 'services', '&', 'consulting']",SMX Services & Consulting,Correcto
smx usa,"['smx', 'usa']",SMX Services & Consulting,Correcto
sngular,['sngular'],Sngular,Correcto
sngular,['sngular'],Sngular,Correcto
social point,"['social', 'point']",Social Point,Correcto
social you,"['social', 'you']",Socialyou,Correcto
"social you, s.l.","['social', 'you,', 's.l.']",Socialyou,Correcto
"social you, sl","['social', 'you,', 'sl']",Socialyou,Correcto
sociedad ibérica de construcciones eléctricas,"['sociedad', 'ibérica', 'de', 'construcciones', 'eléctricas']",SICE,Correcto
sociedad textil lonia,"['sociedad', 'textil', 'lonia']",Sociedad Textil Lonia,Correcto
softtek,['softtek'],Softtek,Correcto
softtek,['softtek'],Softtek,Correcto
sollers consulting,"['sollers', 'consulting']",Sollers Consulting,Correcto
sollers consulting sp. z o.o.,"['sollers', 'consulting', 'sp.', 'z', 'o.o.']",Sollers Consulting,Correcto
soltel,['soltel'],Soltel Group,Correcto
soltel group,"['soltel', 'group']",Soltel Group,Correcto
soluciones informáticas,"['soluciones', 'informáticas']",empresa anónima,Correcto
"soluciones tecnológicas en i+d e ingenieria, en outsourcing y en representación del talento","['soluciones', 'tecnológicas', 'en', 'i+d', 'e', 'ingenieria,', 'en', 'outsourcing', 'y', 'en', 'representación', 'del', 'talento']",empresa anónima,Correcto
sopra steria,"['sopra', 'steria']",Sopra Steria,Correcto
sopra steria españa,"['sopra', 'steria', 'españa']",Sopra Steria,Correcto
sosmatic,['sosmatic'],Sosmatic,Correcto
sosmatic,['sosmatic'],Sosmatic,Correcto
sosmatic,['sosmatic'],Sosmatic,Correcto
sotec consulting,"['sotec', 'consulting']",Sotec Consulting,Correcto
sotec consulting,"['sotec', 'consulting']",Sotec Consulting,Correcto
source group international,"['source', 'group', 'international']",Source Group International,Correcto
source technology,"['source', 'technology']",Source Technology,Correcto
stockholm precision tools,"['stockholm', 'precision', 'tools']",Stockholm Precision Tools,Correcto
stockholm precision tools ab (spt),"['stockholm', 'precision', 'tools', 'ab', '(spt)']",Stockholm Precision Tools,Correcto
stratesys,['stratesys'],Stratesys,Correcto
stratesys,['stratesys'],Stratesys,Correcto
swiss re,"['swiss', 're']",Swiss Re Group,Correcto
swiss re,"['swiss', 're']",Swiss Re Group,Correcto
sygris,['sygris'],Sygris,Correcto
sygris,['sygris'],Sygris,Correcto
syneos health,"['syneos', 'health']",Syneos Health,Correcto
syneos health clinical,"['syneos', 'health', 'clinical']",Syneos Health,Correcto
synergie,['synergie'],Synergie,Correcto
"synergie t.t., e.t.t. comunidad de madrid","['synergie', 't.t.,', 'e.t.t.', 'comunidad', 'de', 'madrid']",Synergie,Correcto
synergie tt ett sau,"['synergie', 'tt', 'ett', 'sau']",Synergie,Correcto
t-systems,['t-systems'],T-Systems,Correcto
t-systems iberia,"['t-systems', 'iberia']",T-Systems,Correcto
talent,['talent'],empresa anónima,Correcto
talent 4.0,"['talent', '4.0']",Talent 4.0,Correcto
talent arete,"['talent', 'arete']",Talent arete,Correcto
talent areté,"['talent', 'areté']",Talent arete,Correcto
talent brand,"['talent', 'brand']",Talent brand,Correcto
talent hackers,"['talent', 'hackers']",Talent hackers,Correcto
talent match,"['talent', 'match']",Talent match,Correcto
talent search people,"['talent', 'search', 'people']",Talent search people,Correcto
talent services [grupo castilla],"['talent', 'services', '[grupo', 'castilla]']",Talent services [Grupo castilla],Correcto
tecnalia,['tecnalia'],Tecnalia,Correcto
tecnalia,['tecnalia'],Tecnalia,Correcto
tecnalia research & innovation,"['tecnalia', 'research', '&', 'innovation']",Tecnalia,Correcto
tecnoderecho,['tecnoderecho'],Tecnoderecho Sistemas,Correcto
tecnoderecho sistemas,"['tecnoderecho', 'sistemas']",Tecnoderecho Sistemas,Correcto
telefónica,['telefónica'],Telefónica,Correcto
telefónica soluciones de outsourcing,"['telefónica', 'soluciones', 'de', 'outsourcing']",Telefónica,Correcto
telefónica tech,"['telefónica', 'tech']",Telefónica,Correcto
teleperformance,['teleperformance'],Teleperformance,Correcto
teleperformance portugal,"['teleperformance', 'portugal']",Teleperformance,Correcto
televes,['televes'],Televes Corporation,Correcto
televes corporation,"['televes', 'corporation']",Televes Corporation,Correcto
thales,['thales'],Thales,Correcto
"thales españa grp, s.a.u.","['thales', 'españa', 'grp,', 's.a.u.']",Thales,Correcto
"thales españa sistemas, s.a.u.","['thales', 'españa', 'sistemas,', 's.a.u.']",Thales,Correcto
the adecco group,"['the', 'adecco', 'group']",Adecco,Correcto
the adecco groupe,"['the', 'adecco', 'groupe']",Adecco,Correcto
the art of living in spain,"['the', 'art', 'of', 'living', 'in', 'spain']",The Art of Living in Spain,Correcto
the boston consulting group,"['the', 'boston', 'consulting', 'group']",Boston Consulting Group,Correcto
the cocktail,"['the', 'cocktail']",The Cocktail,Correcto
the consulting solutions,"['the', 'consulting', 'solutions']",The Consulting Solutions,Correcto
the cornerstone talent,"['the', 'cornerstone', 'talent']",The Cornerstone Talent,Correcto
the dream shop sl,"['the', 'dream', 'shop', 'sl']",The Dream Shop,Correcto
the esports network- jobboard,"['the', 'esports', 'network-', 'jobboard']",The eSports Network,Correcto
the fini company es,"['the', 'fini', 'company', 'es']",The Fini Company,Correcto
the heineken company,"['the', 'heineken', 'company']",The Heineken Company,Correcto
the ingenious laboratory,"['the', 'ingenious', 'laboratory']",The Ingenious Laboratory,Correcto
the jump,"['the', 'jump']",The Jump,Correcto
the knot worldwide,"['the', 'knot', 'worldwide']",The Knot Worldwide,Correcto
the multiplayer group (mpg),"['the', 'multiplayer', 'group', '(mpg)']",The Multiplayer Group,Correcto
"the ogilvy group, llc","['the', 'ogilvy', 'group,', 'llc']",The Ogilvy Group,Correcto
the recycle room,"['the', 'recycle', 'room']",The Recycle Room,Correcto
the sales gang,"['the', 'sales', 'gang']",The Sales Gang,Correcto
the ticket merchant,"['the', 'ticket', 'merchant']",The Ticket Merchant,Correcto
the tmrw foundation,"['the', 'tmrw', 'foundation']",The Tmrw Foundation,Correcto
the weir group plc,"['the', 'weir', 'group', 'plc']",The Weir Group Plc,Correcto
the white team,"['the', 'white', 'team']",The White Team,Correcto
the whiteam,"['the', 'whiteam']",The Whiteam,Correcto
the wise seeker,"['the', 'wise', 'seeker']",The Wise Seeker,Correcto
the wise seeker s.l,"['the', 'wise', 'seeker', 's.l']",The Wise Seeker,Correcto
the workshop,"['the', 'workshop']",The Workshop,Correcto
tigloo,['tigloo'],Tigloo,Correcto
tigloo,['tigloo'],Tigloo,Correcto
top doctors,"['top', 'doctors']",Top Doctors,Correcto
top seo,"['top', 'seo']",Top SEO,Correcto
trentia,['trentia'],Trentia Consulting,Correcto
trentia consulting,"['trentia', 'consulting']",Trentia Consulting,Correcto
triangle talent - solutions rrhh (españa),"['triangle', 'talent', '-', 'solutions', 'rrhh', '(españa)']",Triangle Talent Solutions,Correcto
triangle talent solutions,"['triangle', 'talent', 'solutions']",Triangle Talent Solutions,Correcto
troop,['troop'],Troop,Correcto
troop,['troop'],Troop,Correcto
trs staffing,"['trs', 'staffing']",TRS Staffing Solutions,Correcto
trs staffing solutions,"['trs', 'staffing', 'solutions']",TRS Staffing Solutions,Correcto
trs staffing solutions,"['trs', 'staffing', 'solutions']",TRS Staffing Solutions,Correcto
tui,['tui'],TUI Group,Correcto
tui group,"['tui', 'group']",TUI Group,Correcto
tuyú technology,"['tuyú', 'technology']",Tuyú Technology,Correcto
tuyú technology,"['tuyú', 'technology']",Tuyú Technology,Correcto
unitel,['unitel'],Unitel,Correcto
unitel s.l.,"['unitel', 's.l.']",Unitel,Correcto
universidad alfonso x el sabio,"['universidad', 'alfonso', 'x', 'el', 'sabio']",Universidad Alfonso X El Sabio,Correcto
universidad católica san antonio de murcia,"['universidad', 'católica', 'san', 'antonio', 'de', 'murcia']",Universidad Católica San Antonio de Murcia,Correcto
universidad de murcia,"['universidad', 'de', 'murcia']",Universidad de Murcia,Correcto
universidad europea,"['universidad', 'europea']",Universidad Europea,Correcto
universidad politécnica de madrid,"['universidad', 'politécnica', 'de', 'madrid']",Universidad Politécnica de Madrid,Correcto
universitat de valència,"['universitat', 'de', 'valència']",Universitat de València,Correcto
universitat de valència,"['universitat', 'de', 'valència']",Universitat de València,Correcto
ust,['ust'],UST Global,Correcto
ust españa & latam,"['ust', 'españa', '&', 'latam']",UST Global,Correcto
ust global,"['ust', 'global']",UST Global,Correcto
ust logistical systems,"['ust', 'logistical', 'systems']",UST Global,Correcto
valora,['valora'],Valora Recursos Humanos,Correcto
valora recursos humanos,"['valora', 'recursos', 'humanos']",Valora Recursos Humanos,Correcto
vass,['vass'],VASS,Correcto
vass,['vass'],VASS,Correcto
vass consultoría de sistemas,"['vass', 'consultoría', 'de', 'sistemas']",VASS,Correcto
vass latam,"['vass', 'latam']",VASS,Correcto
vass media,"['vass', 'media']",VASS,Correcto
velatia,['velatia'],VETALIA Careers and Employment,Correcto
velatia careers,"['velatia', 'careers']",VETALIA Careers and Employment,Correcto
veolia,['veolia'],Veolia,Correcto
veolia environnement sa,"['veolia', 'environnement', 'sa']",Veolia,Correcto
viajes para ti,"['viajes', 'para', 'ti']",Viajes Para Ti,Correcto
viajes para ti,"['viajes', 'para', 'ti']",Viajes Para Ti,Correcto
vicente,['vicente'],vicente,
vicente ferrer,"['vicente', 'ferrer']",vicente,
vinci,['vinci'],VINCI Energies,Correcto
vinci energies,"['vinci', 'energies']",VINCI Energies,Correcto
viseo,['viseo'],Viseo,Correcto
viseo,['viseo'],Viseo,Correcto
viseo - spain,"['viseo', '-', 'spain']",Viseo,Correcto
viseo iberia,"['viseo', 'iberia']",Viseo,Correcto
vista,['vista'],Vista Animations,Correcto
vista animations sl,"['vista', 'animations', 'sl']",Vista Animations,Correcto
voiping,['voiping'],Voiping US,Correcto
voiping us,"['voiping', 'us']",Voiping US,Correcto
walters people,"['walters', 'people']",Walters People,Correcto
walters people spain,"['walters', 'people', 'spain']",Walters People,Correcto
we are love sl,"['we', 'are', 'love', 'sl']",We Are Love,Correcto
we are metodica sl,"['we', 'are', 'metodica', 'sl']",We Are Metodica,Correcto
we bring strategy consultants,"['we', 'bring', 'strategy', 'consultants']",We Bring,Correcto
we formacion s.l.,"['we', 'formacion', 's.l.']",We Formación,Correcto
webhelp,['webhelp'],Webhelp,Correcto
webhelp,['webhelp'],Webhelp,Correcto
weewoo,['weewoo'],Weewoo,Correcto
weewoo sl,"['weewoo', 'sl']",Weewoo,Correcto
wefox,['wefox'],Wefox Group,Correcto
wefox 56 ag,"['wefox', '56', 'ag']",Wefox Group,Correcto
wefox group,"['wefox', 'group']",Wefox Group,Correcto
winche redes comerciales,"['winche', 'redes', 'comerciales']",Winche Redes Comerciales,Correcto
winche redes comerciales,"['winche', 'redes', 'comerciales']",Winche Redes Comerciales,Correcto
winning,['winning'],Winning Consulting,Correcto
winning consulting,"['winning', 'consulting']",Winning Consulting,Correcto
winning scientific management spain,"['winning', 'scientific', 'management', 'spain']",Winning Consulting,Correcto
winning spain,"['winning', 'spain']",Winning Consulting,Correcto
ysondos,['ysondos'],ySondos,Correcto
ysondos,['ysondos'],ySondos,Correcto
zaidan it consulting,"['zaidan', 'it', 'consulting']",Zaidan It Solutions,Correcto
zaidan it consulting,"['zaidan', 'it', 'consulting']",Zaidan It Solutions,Correcto
zemsania,['zemsania'],Zemsania Global Group,Correcto
zemsania global group,"['zemsania', 'global', 'group']",Zemsania Global Group,Correcto
zurich insurance,"['zurich', 'insurance']",Zurich Insurance Group,Correcto
zurich insurance company ltd.,"['zurich', 'insurance', 'company', 'ltd.']",Zurich Insurance Group,Correcto